Hugo_symbol,Chr,Start,End,Variant_type,Variant_classification,Reference,Tumor_allele_1,Tumor_allele_2,eventsum,,BLCA,BRCA,CESC,CHOL,COAD,DLBC,ESCA,GBM,HNSC,KICH,KIRC,KIRP,LAML,LGG,LUAD,LUSC,MESO,PAAD,PCPG,PRAD,READ,SARC,SKCM,TGCT,THCA,THYM,UCEC,UCS,UVM
,,,,,,,,,,,,,,,,,,,,,,,,,,,,,,,,,,,,,,,
BRAF,7,140453136,140453136,SNP,Missense_Mutation,A,A,T,332,,1,NA,NA,NA,50,NA,NA,6,1,NA,NA,2,NA,2,10,NA,NA,NA,NA,NA,2,NA,206,NA,52,NA,NA,NA,NA
CHEK2,22,29091840,29091840,SNP,Missense_Mutation,T,T,C,306,,16,18,5,1,10,NA,4,31,16,2,11,17,2,19,23,24,NA,27,9,21,3,4,12,1,19,NA,3,2,6
PIK3CA,3,178936091,178936091,SNP,Missense_Mutation,G,G,A,278,,29,79,41,NA,34,NA,6,5,27,NA,3,1,NA,1,6,19,NA,NA,NA,1,3,NA,2,2,NA,NA,15,4,NA
BRAF,7,140453136,140453136,SNP,Missense_Mutation,A,T,T,252,,NA,NA,NA,1,NA,NA,NA,NA,NA,NA,NA,NA,NA,NA,4,NA,NA,NA,NA,NA,NA,NA,NA,NA,247,NA,NA,NA,NA
PIK3CA,3,178952085,178952085,SNP,Missense_Mutation,A,A,G,241,,6,136,2,NA,21,NA,1,2,13,NA,2,NA,NA,6,5,5,NA,NA,NA,2,2,NA,NA,NA,NA,NA,34,4,NA
PIK3CA,3,178936082,178936082,SNP,Missense_Mutation,G,G,A,170,,19,49,21,NA,12,1,NA,1,19,NA,2,3,NA,2,3,16,NA,NA,NA,3,1,NA,NA,NA,NA,NA,18,NA,NA
MYO3B,2,171240258,171240259,INS,Frame_Shift_Ins,-,-,C,127,,NA,3,NA,NA,1,NA,NA,66,NA,NA,18,NA,NA,NA,2,33,NA,NA,NA,NA,NA,NA,NA,NA,NA,NA,4,NA,NA
GRK7,3,141535707,141535708,INS,Frame_Shift_Ins,-,-,G,124,,NA,3,NA,NA,5,NA,NA,68,NA,NA,14,NA,NA,NA,2,32,NA,NA,NA,NA,NA,NA,NA,NA,NA,NA,NA,NA,NA
AXL,19,41743932,41743933,INS,Frame_Shift_Ins,-,-,C,112,,NA,5,NA,NA,NA,NA,NA,63,NA,NA,4,NA,NA,NA,4,31,NA,NA,NA,NA,NA,NA,NA,NA,NA,NA,5,NA,NA
JAK1,1,65325832,65325833,INS,Frame_Shift_Ins,-,-,G,88,,NA,3,NA,NA,2,NA,NA,56,NA,NA,11,NA,NA,NA,2,10,NA,NA,NA,NA,1,NA,NA,NA,NA,NA,3,NA,NA
ABL2,1,179078403,179078404,INS,Frame_Shift_Ins,-,-,G,86,,NA,2,NA,NA,2,NA,NA,51,NA,NA,2,NA,NA,NA,2,24,NA,NA,NA,NA,1,NA,NA,NA,NA,NA,2,NA,NA
IGF1R,15,99251108,99251109,INS,Frame_Shift_Ins,-,-,G,77,,NA,NA,NA,NA,2,NA,NA,53,NA,NA,12,NA,NA,NA,NA,10,NA,NA,NA,NA,NA,NA,NA,NA,NA,NA,NA,NA,NA
TRRAP,7,98592294,98592295,INS,Frame_Shift_Ins,-,-,C,76,,NA,2,NA,NA,3,NA,NA,58,NA,NA,3,NA,NA,NA,2,6,NA,NA,NA,NA,NA,NA,NA,NA,NA,NA,2,NA,NA
NPR1,1,153659174,153659175,INS,Frame_Shift_Ins,-,-,C,75,,NA,4,NA,NA,2,NA,NA,46,NA,NA,NA,NA,NA,NA,2,21,NA,NA,NA,NA,NA,NA,NA,NA,NA,NA,NA,NA,NA
TRIM24,7,138261142,138261143,INS,Frame_Shift_Ins,-,-,C,74,,NA,1,NA,NA,1,NA,NA,56,NA,NA,NA,NA,1,NA,1,10,NA,NA,NA,NA,1,NA,NA,NA,NA,NA,3,NA,NA
DDR1,6,30867830,30867831,INS,Frame_Shift_Ins,-,-,G,73,,NA,2,NA,NA,1,NA,NA,46,NA,NA,6,NA,NA,NA,2,13,NA,NA,NA,NA,1,NA,NA,NA,NA,NA,2,NA,NA
PIK3CB,3,138413709,138413710,INS,Frame_Shift_Ins,-,-,G,70,,NA,5,NA,NA,3,NA,NA,44,NA,NA,3,NA,NA,NA,1,12,NA,NA,NA,NA,NA,NA,NA,NA,NA,NA,2,NA,NA
SIK3,11,116733010,116733011,INS,Frame_Shift_Ins,-,-,C,70,,NA,4,NA,NA,1,NA,NA,48,NA,NA,6,NA,NA,NA,1,8,NA,NA,NA,NA,NA,NA,NA,NA,NA,NA,2,NA,NA
MAPK14,6,36068005,36068006,INS,Frame_Shift_Ins,-,-,C,67,,NA,NA,NA,NA,NA,NA,NA,46,NA,NA,6,NA,NA,NA,7,7,NA,NA,NA,NA,NA,NA,NA,NA,NA,NA,1,NA,NA
MYLK,3,123368043,123368044,INS,Splice_Site,-,-,G,66,,NA,3,NA,NA,4,NA,2,25,2,NA,3,NA,NA,NA,2,12,NA,6,NA,NA,NA,NA,NA,NA,1,NA,6,NA,NA
TEK,9,27204925,27204926,INS,Frame_Shift_Ins,-,-,G,64,,NA,1,NA,NA,4,NA,NA,40,NA,NA,6,NA,NA,NA,NA,11,NA,NA,NA,NA,2,NA,NA,NA,NA,NA,NA,NA,NA
NRBP1,2,27658017,27658018,INS,Frame_Shift_Ins,-,-,C,63,,NA,2,NA,NA,2,NA,NA,45,NA,NA,6,NA,NA,NA,NA,7,NA,NA,NA,NA,NA,NA,NA,NA,NA,NA,1,NA,NA
PIK3CA,3,178916876,178916876,SNP,Missense_Mutation,G,G,A,63,,1,3,NA,NA,14,NA,NA,3,2,NA,NA,NA,NA,1,NA,NA,NA,NA,NA,1,2,NA,NA,NA,NA,NA,35,1,NA
STK19,6,31939825,31939826,INS,Frame_Shift_Ins,-,-,G,61,,1,NA,NA,NA,NA,NA,NA,11,5,NA,3,NA,NA,11,4,6,NA,16,NA,2,NA,NA,1,NA,1,NA,NA,NA,NA
ALPK2,18,56246441,56246442,INS,Frame_Shift_Ins,-,-,C,57,,NA,2,NA,NA,NA,NA,NA,40,NA,NA,3,NA,NA,NA,2,7,NA,NA,NA,1,NA,NA,NA,NA,NA,NA,2,NA,NA
EPHB6,7,142561447,142561448,INS,Frame_Shift_Ins,-,-,G,57,,NA,2,NA,NA,NA,NA,NA,45,NA,NA,NA,NA,NA,1,NA,4,NA,NA,NA,NA,NA,NA,1,NA,NA,NA,4,NA,NA
MAP3K9,14,71275774,71275776,DEL,In_Frame_Del,CCT,CCT,-,57,,5,NA,1,NA,NA,NA,2,NA,3,NA,NA,2,NA,4,2,7,3,4,1,9,NA,NA,2,3,6,NA,1,2,NA
BRAF,7,140482926,140482927,INS,Frame_Shift_Ins,-,-,G,56,,NA,1,NA,NA,2,NA,NA,48,NA,NA,1,NA,NA,NA,NA,1,NA,NA,NA,NA,NA,NA,NA,NA,NA,NA,3,NA,NA
DAPK1,9,90321801,90321802,INS,Frame_Shift_Ins,-,-,G,56,,NA,NA,NA,NA,1,NA,1,44,NA,NA,1,NA,NA,NA,NA,5,NA,NA,NA,1,NA,NA,NA,NA,NA,NA,3,NA,NA
ROR1,1,64516358,64516359,INS,Splice_Site,-,-,C,55,,NA,2,NA,NA,2,NA,NA,37,NA,NA,3,NA,NA,NA,NA,7,NA,NA,NA,NA,1,NA,NA,NA,NA,NA,3,NA,NA
ACVR2A,2,148683686,148683686,DEL,Frame_Shift_Del,A,A,-,54,,NA,4,1,NA,14,NA,2,NA,NA,NA,NA,NA,NA,NA,NA,1,NA,NA,NA,1,NA,NA,NA,NA,NA,NA,30,1,NA
CDK12,17,37687471,37687472,INS,Frame_Shift_Ins,-,-,G,54,,NA,5,NA,NA,1,NA,NA,36,NA,NA,3,NA,NA,NA,NA,8,NA,NA,NA,NA,1,NA,NA,NA,NA,NA,NA,NA,NA
STK10,5,171517344,171517345,INS,Frame_Shift_Ins,-,-,T,54,,NA,2,NA,NA,NA,NA,NA,34,NA,NA,6,NA,NA,NA,NA,12,NA,NA,NA,NA,NA,NA,NA,NA,NA,NA,NA,NA,NA
AKT1,14,105246551,105246551,SNP,Missense_Mutation,C,C,T,53,,1,26,3,NA,4,NA,NA,NA,1,NA,NA,NA,NA,NA,1,1,NA,NA,NA,2,NA,NA,2,NA,1,NA,11,NA,NA
BRD2,6,32948228,32948229,INS,Frame_Shift_Ins,-,-,C,53,,NA,NA,NA,NA,NA,NA,NA,42,NA,NA,7,NA,NA,NA,1,3,NA,NA,NA,NA,NA,NA,NA,NA,NA,NA,NA,NA,NA
ADCK5,8,145617535,145617549,DEL,Splice_Site,GGGGGTGCAAGGTGA,GGGGGTGCAAGGTGA,-,52,,4,6,NA,2,4,NA,1,1,4,NA,1,1,NA,NA,2,4,NA,5,NA,3,3,2,3,3,2,NA,NA,NA,1
FGFR1,8,38285914,38285916,DEL,In_Frame_Del,TCA,TCA,-,50,,2,15,NA,NA,5,NA,NA,12,NA,NA,2,NA,NA,NA,NA,5,NA,7,NA,NA,NA,NA,NA,2,NA,NA,NA,NA,NA
ERBB3,12,56490961,56490962,INS,Frame_Shift_Ins,-,-,G,48,,NA,2,NA,NA,NA,NA,NA,40,NA,NA,3,NA,NA,NA,NA,1,NA,NA,NA,NA,1,NA,1,NA,NA,NA,NA,NA,NA
PAK1,11,77069990,77069992,DEL,In_Frame_Del,CAT,CAT,-,47,,1,7,NA,NA,3,NA,NA,7,NA,NA,1,NA,1,1,3,2,NA,18,NA,1,NA,NA,1,NA,NA,NA,1,NA,NA
GUCY2C,12,14825856,14825857,INS,Frame_Shift_Ins,-,-,C,46,,NA,NA,NA,NA,NA,NA,NA,37,NA,NA,3,NA,NA,NA,NA,6,NA,NA,NA,NA,NA,NA,NA,NA,NA,NA,NA,NA,NA
MARK4,19,45805663,45805664,INS,Frame_Shift_Ins,-,-,C,46,,NA,2,NA,NA,1,NA,NA,26,NA,NA,8,NA,NA,NA,1,6,NA,NA,NA,1,1,NA,NA,NA,NA,NA,NA,NA,NA
STK38,6,36463592,36463593,INS,Frame_Shift_Ins,-,-,C,44,,NA,5,NA,NA,3,NA,NA,30,NA,NA,1,NA,NA,NA,NA,3,NA,NA,NA,NA,NA,NA,NA,NA,NA,NA,2,NA,NA
STK24,13,99114124,99114125,INS,Frame_Shift_Ins,-,-,C,43,,NA,4,NA,NA,2,NA,NA,31,NA,NA,3,1,NA,NA,NA,1,NA,NA,NA,NA,1,NA,NA,NA,NA,NA,NA,NA,NA
FGFR3,4,1803568,1803568,SNP,Missense_Mutation,C,C,G,41,,31,NA,NA,NA,NA,NA,NA,NA,4,NA,NA,1,NA,NA,NA,5,NA,NA,NA,NA,NA,NA,NA,NA,NA,NA,NA,NA,NA
BRAF,7,140453137,140453137,SNP,Missense_Mutation,C,C,T,40,,NA,NA,NA,NA,NA,NA,NA,NA,NA,NA,NA,NA,NA,NA,NA,NA,NA,NA,NA,NA,NA,NA,40,NA,NA,NA,NA,NA,NA
PAK3,X,110406206,110406208,DEL,In_Frame_Del,GAA,GAA,-,39,,NA,NA,NA,NA,7,NA,NA,1,NA,NA,3,1,1,NA,1,NA,NA,19,NA,NA,NA,NA,NA,3,1,NA,2,NA,NA
PIK3CA,3,178952085,178952085,SNP,Missense_Mutation,A,A,T,39,,2,14,1,1,1,NA,3,NA,1,NA,1,NA,NA,2,NA,3,NA,NA,NA,NA,NA,NA,1,NA,NA,NA,9,NA,NA
PRKDC,8,48746799,48746799,DEL,Frame_Shift_Del,T,T,-,39,,1,NA,NA,NA,4,NA,NA,3,NA,NA,2,NA,NA,NA,2,NA,NA,20,NA,NA,NA,NA,1,1,NA,NA,2,1,2
TSSK3,1,32829356,32829357,INS,Frame_Shift_Ins,-,-,G,38,,NA,NA,NA,NA,1,NA,NA,35,NA,NA,1,NA,1,NA,NA,NA,NA,NA,NA,NA,NA,NA,NA,NA,NA,NA,NA,NA,NA
ADCK2,7,140394593,140394594,INS,Frame_Shift_Ins,-,-,C,37,,NA,NA,NA,NA,1,NA,NA,33,NA,NA,3,NA,NA,NA,NA,NA,NA,NA,NA,NA,NA,NA,NA,NA,NA,NA,NA,NA,NA
ENPP3,6,132006590,132006591,INS,Frame_Shift_Ins,-,-,C,37,,NA,3,NA,NA,4,NA,NA,19,NA,NA,2,NA,NA,NA,NA,8,NA,NA,NA,NA,NA,NA,NA,NA,NA,NA,1,NA,NA
ERBB2,17,37868208,37868208,SNP,Missense_Mutation,C,C,T,37,,21,1,5,NA,1,NA,2,NA,1,NA,NA,NA,NA,NA,5,NA,NA,NA,NA,NA,NA,NA,NA,NA,NA,NA,1,NA,NA
MARK1,1,220835506,220835506,SNP,Nonstop_Mutation,T,T,G,37,,NA,18,NA,NA,NA,NA,NA,11,NA,NA,NA,NA,NA,NA,NA,8,NA,NA,NA,NA,NA,NA,NA,NA,NA,NA,NA,NA,NA
EGFR,7,55221747,55221748,INS,Frame_Shift_Ins,-,-,C,36,,NA,1,NA,NA,NA,NA,NA,33,NA,NA,2,NA,NA,NA,NA,NA,NA,NA,NA,NA,NA,NA,NA,NA,NA,NA,NA,NA,NA
JAK1,1,65306997,65306997,DEL,Frame_Shift_Del,T,T,-,36,,NA,2,NA,NA,2,NA,1,NA,NA,NA,NA,NA,NA,NA,NA,NA,NA,NA,NA,1,1,NA,NA,NA,NA,NA,29,NA,NA
KSR2,12,117977604,117977605,INS,Frame_Shift_Ins,-,-,G,36,,NA,3,NA,NA,NA,NA,NA,14,NA,NA,10,NA,NA,NA,1,5,NA,NA,NA,NA,NA,NA,NA,NA,NA,NA,3,NA,NA
PRKAG2,7,151372596,151372597,INS,Frame_Shift_Ins,-,-,G,36,,NA,NA,NA,NA,2,NA,NA,30,NA,NA,NA,1,NA,NA,NA,2,NA,NA,NA,NA,NA,NA,NA,NA,NA,NA,1,NA,NA
TYK2,19,10463112,10463113,INS,Frame_Shift_Ins,-,-,G,36,,NA,3,NA,NA,1,NA,NA,29,NA,NA,2,NA,NA,NA,NA,NA,NA,NA,NA,NA,NA,NA,NA,NA,NA,NA,1,NA,NA
HIPK4,19,40886757,40886758,INS,Frame_Shift_Ins,-,-,G,35,,NA,NA,NA,NA,NA,NA,NA,26,NA,NA,4,NA,NA,NA,NA,5,NA,NA,NA,NA,NA,NA,NA,NA,NA,NA,NA,NA,NA
INSR,19,7168022,7168023,INS,Frame_Shift_Ins,-,-,G,35,,NA,1,NA,NA,NA,NA,NA,28,NA,NA,4,NA,NA,NA,NA,NA,NA,NA,NA,NA,2,NA,NA,NA,NA,NA,NA,NA,NA
NEK8,17,27068995,27068996,INS,Frame_Shift_Ins,-,-,C,35,,NA,NA,NA,NA,2,NA,NA,27,NA,NA,2,NA,NA,NA,NA,3,NA,NA,NA,NA,NA,NA,NA,NA,NA,NA,1,NA,NA
PHKA1,X,71933736,71933736,SNP,Translation_Start_Site,C,C,T,35,,NA,8,5,NA,4,NA,1,NA,NA,NA,1,2,NA,NA,NA,NA,NA,NA,NA,NA,1,2,NA,NA,NA,2,9,NA,NA
CDKL2,4,76539579,76539580,INS,Frame_Shift_Ins,-,-,T,34,,NA,2,1,NA,NA,NA,NA,4,1,NA,NA,NA,2,NA,NA,1,NA,18,NA,1,NA,NA,1,NA,1,1,1,NA,NA
HIPK1,1,114514537,114514538,INS,Frame_Shift_Ins,-,-,G,34,,NA,4,NA,NA,1,NA,NA,27,NA,NA,1,NA,NA,NA,NA,1,NA,NA,NA,NA,NA,NA,NA,NA,NA,NA,NA,NA,NA
HIPK1,1,114515697,114515698,INS,Frame_Shift_Ins,-,-,C,34,,NA,1,NA,NA,NA,NA,NA,25,NA,NA,3,NA,NA,NA,NA,3,NA,NA,NA,NA,NA,NA,NA,NA,NA,NA,2,NA,NA
TESK1,9,35608959,35608960,INS,Frame_Shift_Ins,-,-,C,34,,NA,NA,NA,NA,NA,NA,NA,30,NA,NA,3,NA,NA,NA,NA,1,NA,NA,NA,NA,NA,NA,NA,NA,NA,NA,NA,NA,NA
TRRAP,7,98528335,98528336,INS,Frame_Shift_Ins,-,-,G,34,,NA,2,NA,NA,NA,NA,NA,31,NA,NA,NA,NA,NA,NA,NA,1,NA,NA,NA,NA,NA,NA,NA,NA,NA,NA,NA,NA,NA
EGFR,7,55221822,55221822,SNP,Missense_Mutation,C,C,T,33,,NA,1,NA,NA,NA,NA,NA,25,NA,NA,NA,NA,NA,7,NA,NA,NA,NA,NA,NA,NA,NA,NA,NA,NA,NA,NA,NA,NA
MAP3K19,2,135740765,135740766,INS,Frame_Shift_Ins,-,-,C,33,,NA,NA,NA,NA,1,NA,NA,25,NA,NA,2,NA,1,NA,1,3,NA,NA,NA,NA,NA,NA,NA,NA,NA,NA,NA,NA,NA
PIK3CA,3,178921553,178921553,SNP,Missense_Mutation,T,T,A,33,,1,21,NA,NA,2,NA,NA,1,1,NA,NA,NA,NA,NA,NA,NA,NA,NA,NA,1,1,NA,NA,1,NA,NA,4,NA,NA
BMP2K,4,79792085,79792085,SNP,Missense_Mutation,G,G,C,32,,2,2,2,NA,1,NA,3,NA,2,NA,NA,NA,NA,NA,3,1,NA,3,1,2,NA,1,NA,3,4,1,1,NA,NA
BRSK1,19,55800871,55800872,INS,Frame_Shift_Ins,-,-,G,32,,NA,3,NA,NA,2,NA,NA,24,NA,NA,2,NA,NA,NA,NA,1,NA,NA,NA,NA,NA,NA,NA,NA,NA,NA,NA,NA,NA
FLT1,13,29041261,29041262,INS,Frame_Shift_Ins,-,-,C,32,,NA,1,NA,NA,1,NA,NA,27,NA,NA,1,NA,NA,NA,NA,1,NA,NA,NA,NA,NA,NA,NA,NA,NA,NA,1,NA,NA
ILK,11,6629352,6629353,INS,Frame_Shift_Ins,-,-,G,32,,NA,NA,NA,NA,2,NA,NA,27,NA,NA,3,NA,NA,NA,NA,NA,NA,NA,NA,NA,NA,NA,NA,NA,NA,NA,NA,NA,NA
LIMK1,7,73535322,73535323,INS,Frame_Shift_Ins,-,-,C,32,,NA,2,NA,NA,1,NA,NA,26,NA,NA,3,NA,NA,NA,NA,NA,NA,NA,NA,NA,NA,NA,NA,NA,NA,NA,NA,NA,NA
MAP3K3,17,61744386,61744387,INS,Frame_Shift_Ins,-,-,C,32,,NA,10,NA,NA,NA,NA,NA,18,NA,NA,1,NA,NA,NA,NA,1,NA,NA,NA,NA,1,NA,NA,NA,NA,NA,1,NA,NA
MAP3K4,6,161455390,161455391,INS,Frame_Shift_Ins,-,-,C,31,,NA,NA,NA,NA,1,NA,NA,28,NA,NA,1,NA,NA,NA,NA,NA,NA,NA,NA,NA,NA,NA,NA,NA,NA,NA,1,NA,NA
TRIM33,1,114968116,114968118,DEL,In_Frame_Del,TGT,TGT,-,31,,NA,NA,NA,NA,3,NA,NA,2,NA,NA,3,1,NA,1,NA,NA,NA,16,NA,1,NA,NA,NA,2,2,NA,NA,NA,NA
EGFR,7,55233043,55233043,SNP,Missense_Mutation,G,G,T,30,,NA,NA,NA,NA,NA,NA,NA,23,NA,NA,NA,NA,NA,7,NA,NA,NA,NA,NA,NA,NA,NA,NA,NA,NA,NA,NA,NA,NA
ROCK2,2,11389836,11389837,INS,Frame_Shift_Ins,-,-,A,30,,NA,1,NA,NA,NA,NA,NA,15,NA,NA,NA,NA,NA,NA,NA,9,NA,NA,NA,1,NA,NA,1,NA,NA,NA,3,NA,NA
STK19,6,31939829,31939830,INS,Frame_Shift_Ins,-,-,A,30,,NA,NA,NA,NA,NA,NA,NA,1,2,NA,1,NA,NA,8,6,1,NA,8,NA,1,NA,NA,1,NA,1,NA,NA,NA,NA
DCLK3,3,36759523,36759524,INS,Frame_Shift_Ins,-,-,G,29,,NA,1,NA,NA,3,NA,NA,18,NA,NA,2,NA,1,NA,NA,4,NA,NA,NA,NA,NA,NA,NA,NA,NA,NA,NA,NA,NA
FGFR2,10,123279677,123279677,SNP,Missense_Mutation,G,G,C,29,,NA,NA,NA,NA,NA,NA,NA,NA,NA,NA,NA,NA,NA,NA,NA,NA,NA,NA,NA,NA,NA,NA,NA,NA,NA,NA,28,1,NA
JAK1,1,65306996,65306997,INS,Frame_Shift_Ins,-,-,T,29,,NA,3,NA,NA,1,NA,NA,12,NA,NA,NA,NA,1,NA,NA,1,NA,5,NA,NA,NA,NA,1,NA,NA,NA,5,NA,NA
KALRN,3,124181408,124181409,INS,Frame_Shift_Ins,-,-,C,29,,NA,1,NA,NA,2,NA,NA,25,NA,NA,NA,NA,NA,NA,NA,1,NA,NA,NA,NA,NA,NA,NA,NA,NA,NA,NA,NA,NA
MTOR,1,11294234,11294235,INS,Frame_Shift_Ins,-,-,G,29,,NA,1,NA,NA,NA,NA,NA,27,NA,NA,NA,NA,NA,NA,1,NA,NA,NA,NA,NA,NA,NA,NA,NA,NA,NA,NA,NA,NA
MYLK3,16,46744689,46744689,SNP,Missense_Mutation,C,A,A,29,,20,NA,NA,NA,NA,NA,NA,NA,6,NA,NA,NA,NA,NA,NA,NA,NA,NA,NA,NA,NA,NA,NA,NA,1,NA,NA,1,1
PIK3CA,3,178938934,178938934,SNP,Missense_Mutation,G,G,A,29,,2,10,5,NA,3,NA,2,NA,2,NA,NA,NA,NA,NA,1,2,NA,NA,NA,NA,1,NA,NA,NA,NA,NA,1,NA,NA
TIE1,1,43777343,43777344,INS,Splice_Site,-,-,C,29,,NA,NA,NA,NA,NA,NA,NA,27,NA,NA,NA,NA,NA,NA,NA,1,NA,NA,NA,NA,1,NA,NA,NA,NA,NA,NA,NA,NA
TNNI3K,1,74957824,74957826,DEL,In_Frame_Del,CTT,CTT,-,29,,NA,NA,NA,NA,2,NA,NA,1,NA,NA,NA,NA,NA,NA,NA,1,NA,24,NA,NA,NA,NA,NA,NA,1,NA,NA,NA,NA
ALPK2,18,56246442,56246443,INS,Frame_Shift_Ins,-,-,C,28,,NA,1,NA,NA,NA,NA,NA,24,NA,NA,NA,NA,NA,NA,NA,3,NA,NA,NA,NA,NA,NA,NA,NA,NA,NA,NA,NA,NA
BRSK1,19,55815035,55815036,INS,Splice_Site,-,-,C,28,,NA,NA,NA,NA,2,NA,NA,14,NA,NA,NA,NA,1,NA,NA,2,NA,2,NA,NA,1,NA,1,1,1,NA,3,NA,NA
ICK,6,52883129,52883129,DEL,Splice_Site,T,T,-,28,,1,NA,NA,NA,NA,NA,NA,2,5,NA,1,NA,NA,NA,NA,1,NA,15,NA,2,NA,NA,1,NA,NA,NA,NA,NA,NA
PRKCD,3,53220652,53220653,INS,Frame_Shift_Ins,-,-,G,28,,NA,NA,NA,NA,1,NA,NA,16,NA,NA,4,NA,1,NA,NA,4,NA,NA,NA,NA,NA,NA,NA,NA,NA,NA,2,NA,NA
WNK1,12,1017771,1017772,INS,Frame_Shift_Ins,-,-,C,28,,NA,NA,NA,NA,1,NA,NA,26,NA,NA,NA,NA,NA,NA,NA,NA,NA,NA,NA,NA,1,NA,NA,NA,NA,NA,NA,NA,NA
ABL1,9,133759490,133759492,DEL,In_Frame_Del,AAG,AAG,-,27,,1,1,3,NA,NA,NA,NA,3,2,NA,1,1,NA,NA,3,5,NA,NA,NA,1,1,NA,1,NA,4,NA,NA,NA,NA
ABL2,1,179084038,179084039,INS,Frame_Shift_Ins,-,-,G,27,,NA,2,NA,NA,1,NA,NA,20,NA,NA,2,NA,NA,NA,NA,1,NA,NA,NA,NA,NA,NA,NA,NA,NA,NA,1,NA,NA
NEK9,14,75576491,75576492,INS,Frame_Shift_Ins,-,-,G,27,,NA,1,NA,NA,NA,NA,NA,26,NA,NA,NA,NA,NA,NA,NA,NA,NA,NA,NA,NA,NA,NA,NA,NA,NA,NA,NA,NA,NA
RIPK4,21,43165934,43165935,INS,Frame_Shift_Ins,-,-,G,27,,1,NA,NA,NA,2,NA,1,22,NA,NA,NA,NA,1,NA,NA,NA,NA,NA,NA,NA,NA,NA,NA,NA,NA,NA,NA,NA,NA
TYK2,19,10472827,10472828,INS,Frame_Shift_Ins,-,-,C,27,,NA,1,NA,NA,NA,NA,NA,24,NA,NA,NA,NA,2,NA,NA,NA,NA,NA,NA,NA,NA,NA,NA,NA,NA,NA,NA,NA,NA
CHEK2,22,29091840,29091840,SNP,Missense_Mutation,T,C,C,26,,1,NA,NA,NA,NA,NA,NA,NA,NA,NA,NA,NA,NA,NA,15,NA,NA,6,NA,NA,NA,1,NA,NA,3,NA,NA,NA,NA
DCLK1,13,36397007,36397008,INS,Frame_Shift_Ins,-,-,C,26,,NA,NA,NA,NA,NA,NA,NA,25,NA,NA,1,NA,NA,NA,NA,NA,NA,NA,NA,NA,NA,NA,NA,NA,NA,NA,NA,NA,NA
LMTK2,7,97822843,97822844,INS,Frame_Shift_Ins,-,-,C,26,,NA,1,NA,NA,1,NA,NA,20,NA,NA,1,NA,NA,NA,NA,3,NA,NA,NA,NA,NA,NA,NA,NA,NA,NA,NA,NA,NA
PIK3CA,3,178927980,178927980,SNP,Missense_Mutation,T,T,C,26,,NA,5,2,NA,4,NA,1,NA,1,NA,NA,NA,NA,1,NA,1,NA,NA,NA,1,NA,NA,NA,NA,NA,NA,10,NA,NA
TEK,9,27185544,27185545,INS,Frame_Shift_Ins,-,-,C,26,,NA,NA,NA,NA,NA,NA,NA,23,NA,NA,2,NA,NA,NA,NA,NA,NA,NA,NA,NA,1,NA,NA,NA,NA,NA,NA,NA,NA
WNK4,17,40939869,40939870,INS,Frame_Shift_Ins,-,-,G,26,,NA,NA,NA,NA,NA,NA,NA,22,NA,NA,2,NA,NA,NA,NA,1,NA,NA,NA,NA,NA,NA,NA,NA,NA,NA,1,NA,NA
AURKB,17,8110129,8110130,INS,Frame_Shift_Ins,-,-,G,25,,NA,NA,NA,NA,2,NA,NA,22,NA,NA,NA,NA,NA,NA,NA,NA,NA,NA,NA,NA,NA,NA,NA,NA,NA,NA,1,NA,NA
CSNK2A1,20,470440,470440,SNP,Missense_Mutation,T,T,C,25,,NA,NA,NA,NA,NA,NA,NA,3,1,NA,NA,5,1,1,2,5,NA,3,NA,1,NA,NA,1,NA,2,NA,NA,NA,NA
DDR1,6,30863250,30863251,INS,Frame_Shift_Ins,-,-,C,25,,NA,NA,NA,NA,NA,NA,NA,21,NA,NA,2,NA,NA,NA,NA,1,NA,NA,NA,NA,NA,NA,1,NA,NA,NA,NA,NA,NA
EPHB6,7,142562397,142562398,INS,Frame_Shift_Ins,-,-,C,25,,NA,NA,NA,NA,1,NA,1,20,NA,NA,NA,NA,NA,NA,2,NA,NA,NA,NA,NA,1,NA,NA,NA,NA,NA,NA,NA,NA
LIMK1,7,73535310,73535311,INS,Frame_Shift_Ins,-,-,C,25,,NA,1,NA,NA,NA,NA,NA,23,NA,NA,NA,NA,NA,NA,NA,1,NA,NA,NA,NA,NA,NA,NA,NA,NA,NA,NA,NA,NA
TRIB2,2,12863619,12863620,INS,Frame_Shift_Ins,-,-,G,25,,NA,NA,NA,NA,NA,NA,NA,21,NA,NA,2,NA,NA,NA,1,1,NA,NA,NA,NA,NA,NA,NA,NA,NA,NA,NA,NA,NA
BRDT,1,92447228,92447230,DEL,In_Frame_Del,AGC,AGC,-,24,,NA,NA,NA,NA,3,NA,2,NA,NA,NA,NA,NA,1,NA,NA,NA,NA,17,NA,NA,NA,NA,NA,1,NA,NA,NA,NA,NA
CAMK1G,1,209782336,209782337,INS,Frame_Shift_Ins,-,-,C,24,,NA,NA,NA,NA,2,NA,NA,20,NA,NA,2,NA,NA,NA,NA,NA,NA,NA,NA,NA,NA,NA,NA,NA,NA,NA,NA,NA,NA
DYRK1B,19,40320998,40320999,INS,Frame_Shift_Ins,-,-,G,24,,NA,NA,NA,NA,NA,NA,NA,18,NA,NA,1,NA,NA,NA,NA,4,NA,NA,NA,NA,NA,NA,NA,NA,NA,NA,1,NA,NA
HUNK,21,33371238,33371239,INS,Frame_Shift_Ins,-,-,C,24,,NA,NA,NA,NA,1,NA,NA,22,NA,NA,NA,NA,NA,NA,NA,NA,NA,NA,NA,NA,1,NA,NA,NA,NA,NA,NA,NA,NA
MAP3K6,1,27685238,27685239,INS,Frame_Shift_Ins,-,-,G,24,,NA,1,NA,NA,NA,NA,NA,23,NA,NA,NA,NA,NA,NA,NA,NA,NA,NA,NA,NA,NA,NA,NA,NA,NA,NA,NA,NA,NA
NPR2,9,35800795,35800796,INS,Frame_Shift_Ins,-,-,C,24,,NA,2,NA,NA,1,NA,NA,20,NA,NA,NA,NA,NA,NA,NA,1,NA,NA,NA,NA,NA,NA,NA,NA,NA,NA,NA,NA,NA
RPS6KA1,1,26885310,26885311,INS,Frame_Shift_Ins,-,-,C,24,,NA,2,NA,NA,NA,NA,NA,13,NA,NA,4,NA,NA,NA,NA,1,NA,NA,NA,NA,3,NA,NA,NA,NA,NA,1,NA,NA
STK38,6,36489585,36489585,SNP,Missense_Mutation,C,A,A,24,,6,NA,NA,NA,NA,NA,NA,NA,3,NA,NA,NA,NA,NA,NA,NA,NA,NA,NA,NA,NA,NA,NA,NA,1,NA,NA,NA,14
TAF1L,9,32633584,32633584,DEL,Frame_Shift_Del,T,T,-,24,,1,5,NA,NA,NA,NA,NA,1,NA,NA,NA,NA,NA,NA,NA,1,1,12,NA,NA,NA,NA,NA,NA,NA,NA,3,NA,NA
BRSK1,19,55815036,55815036,DEL,Splice_Site,C,C,-,23,,2,1,NA,NA,7,NA,NA,NA,NA,NA,NA,1,NA,NA,NA,NA,NA,5,NA,NA,NA,NA,NA,NA,NA,NA,7,NA,NA
CHEK1,11,125505377,125505378,INS,Frame_Shift_Ins,-,-,A,23,,1,NA,NA,NA,NA,1,NA,2,NA,NA,1,NA,3,1,3,NA,NA,7,NA,NA,NA,NA,NA,NA,NA,3,1,NA,NA
LATS1,6,150005514,150005515,INS,Frame_Shift_Ins,-,-,G,23,,NA,2,NA,NA,1,NA,NA,18,NA,NA,NA,NA,2,NA,NA,NA,NA,NA,NA,NA,NA,NA,NA,NA,NA,NA,NA,NA,NA
TRRAP,7,98550874,98550875,INS,Frame_Shift_Ins,-,-,C,23,,NA,1,NA,NA,NA,NA,NA,19,NA,NA,3,NA,NA,NA,NA,NA,NA,NA,NA,NA,NA,NA,NA,NA,NA,NA,NA,NA,NA
BMPR2,2,203420130,203420130,DEL,Frame_Shift_Del,A,A,-,22,,NA,1,NA,NA,15,NA,NA,NA,NA,NA,NA,NA,NA,NA,NA,1,NA,NA,NA,NA,NA,NA,NA,NA,NA,NA,5,NA,NA
CDC42BPA,1,227182041,227182042,INS,Frame_Shift_Ins,-,-,G,22,,NA,NA,NA,NA,2,NA,NA,19,NA,NA,NA,NA,NA,NA,NA,NA,NA,NA,NA,NA,NA,NA,NA,NA,NA,NA,1,NA,NA
PIK3CA,3,178936095,178936095,SNP,Missense_Mutation,A,A,G,22,,1,6,2,NA,1,NA,NA,NA,2,NA,NA,NA,NA,1,NA,NA,NA,NA,NA,NA,2,NA,NA,NA,NA,NA,6,1,NA
TTK,6,80751897,80751897,DEL,Frame_Shift_Del,A,A,-,22,,NA,NA,NA,NA,1,NA,1,NA,NA,NA,NA,NA,NA,2,NA,NA,NA,NA,NA,NA,NA,NA,NA,NA,NA,NA,17,1,NA
ALPK2,18,56246440,56246440,DEL,Frame_Shift_Del,T,T,-,21,,NA,NA,NA,NA,6,NA,NA,4,NA,NA,NA,NA,NA,NA,NA,NA,NA,NA,NA,NA,1,NA,NA,NA,NA,NA,10,NA,NA
BMP2K,4,79792166,79792166,SNP,Missense_Mutation,C,C,G,21,,NA,NA,NA,2,NA,NA,1,1,NA,NA,NA,NA,NA,NA,NA,NA,NA,NA,9,NA,NA,NA,NA,3,NA,NA,NA,NA,5
BMPR1B,4,96025645,96025646,INS,Frame_Shift_Ins,-,-,C,21,,NA,NA,NA,NA,1,NA,NA,20,NA,NA,NA,NA,NA,NA,NA,NA,NA,NA,NA,NA,NA,NA,NA,NA,NA,NA,NA,NA,NA
BUB1B,15,40477505,40477506,INS,Frame_Shift_Ins,-,-,C,21,,NA,NA,NA,NA,NA,NA,NA,17,NA,NA,NA,NA,1,NA,1,2,NA,NA,NA,NA,NA,NA,NA,NA,NA,NA,NA,NA,NA
CSNK1A1L,13,37678703,37678704,INS,Frame_Shift_Ins,-,-,T,21,,NA,1,1,NA,2,NA,NA,16,NA,NA,NA,NA,NA,NA,NA,NA,NA,NA,NA,NA,NA,NA,NA,NA,NA,NA,1,NA,NA
EPHB2,1,23111504,23111511,DEL,Frame_Shift_Del,TGCCCATC,-,-,21,,NA,NA,NA,NA,NA,NA,NA,21,NA,NA,NA,NA,NA,NA,NA,NA,NA,NA,NA,NA,NA,NA,NA,NA,NA,NA,NA,NA,NA
GUCY2F,X,108619355,108619355,DEL,Frame_Shift_Del,T,T,-,21,,NA,NA,NA,NA,1,NA,NA,NA,2,NA,NA,NA,NA,NA,NA,3,NA,14,NA,NA,NA,NA,1,NA,NA,NA,NA,NA,NA
RIOK1,6,7393450,7393452,DEL,In_Frame_Del,GAC,GAC,-,21,,NA,1,NA,NA,NA,NA,NA,2,NA,NA,1,NA,NA,NA,NA,NA,NA,17,NA,NA,NA,NA,NA,NA,NA,NA,NA,NA,NA
RPS6KA1,1,26900615,26900616,INS,Frame_Shift_Ins,-,-,C,21,,NA,NA,NA,NA,NA,NA,NA,20,NA,NA,1,NA,NA,NA,NA,NA,NA,NA,NA,NA,NA,NA,NA,NA,NA,NA,NA,NA,NA
TBCK,4,107156505,107156505,DEL,Frame_Shift_Del,T,T,-,21,,NA,NA,1,NA,9,NA,1,NA,NA,NA,1,NA,NA,NA,NA,NA,NA,NA,NA,NA,1,NA,NA,NA,NA,NA,8,NA,NA
AMHR2,12,53819644,53819645,INS,Frame_Shift_Ins,-,-,G,20,,NA,NA,NA,NA,NA,NA,NA,14,NA,NA,5,NA,NA,NA,NA,NA,NA,NA,NA,NA,1,NA,NA,NA,NA,NA,NA,NA,NA
CDC7,1,91967356,91967356,SNP,Nonsense_Mutation,T,T,A,20,,1,1,NA,2,NA,NA,3,1,NA,NA,NA,1,NA,1,NA,NA,NA,NA,NA,4,NA,2,2,1,1,NA,NA,NA,NA
CDK18,1,205497243,205497244,INS,Frame_Shift_Ins,-,-,C,20,,NA,1,NA,NA,NA,NA,NA,18,NA,NA,1,NA,NA,NA,NA,NA,NA,NA,NA,NA,NA,NA,NA,NA,NA,NA,NA,NA,NA
EPHB1,3,134851847,134851848,INS,Frame_Shift_Ins,-,-,C,20,,NA,NA,NA,NA,3,NA,NA,14,NA,NA,1,NA,NA,NA,1,1,NA,NA,NA,NA,NA,NA,NA,NA,NA,NA,NA,NA,NA
IKBKB,8,42163859,42163859,SNP,Splice_Site,A,A,T,20,,NA,NA,NA,NA,NA,NA,NA,10,NA,NA,5,NA,5,NA,NA,NA,NA,NA,NA,NA,NA,NA,NA,NA,NA,NA,NA,NA,NA
KALRN,3,124044864,124044865,INS,Frame_Shift_Ins,-,T,T,20,,NA,NA,NA,NA,NA,NA,NA,20,NA,NA,NA,NA,NA,NA,NA,NA,NA,NA,NA,NA,NA,NA,NA,NA,NA,NA,NA,NA,NA
LMTK2,7,97800895,97800896,INS,Frame_Shift_Ins,-,-,G,20,,NA,NA,NA,NA,NA,NA,NA,19,NA,NA,1,NA,NA,NA,NA,NA,NA,NA,NA,NA,NA,NA,NA,NA,NA,NA,NA,NA,NA
MARK2,11,63666144,63666145,INS,In_Frame_Ins,-,GGG,GGG,20,,NA,NA,NA,NA,NA,NA,NA,20,NA,NA,NA,NA,NA,NA,NA,NA,NA,NA,NA,NA,NA,NA,NA,NA,NA,NA,NA,NA,NA
MAST2,1,46499884,46499885,INS,Frame_Shift_Ins,-,-,C,20,,NA,NA,NA,NA,1,NA,NA,19,NA,NA,NA,NA,NA,NA,NA,NA,NA,NA,NA,NA,NA,NA,NA,NA,NA,NA,NA,NA,NA
MYLK,3,123457859,123457860,INS,Frame_Shift_Ins,-,-,C,20,,NA,NA,NA,NA,NA,NA,NA,19,NA,NA,NA,NA,NA,NA,NA,NA,NA,NA,NA,NA,1,NA,NA,NA,NA,NA,NA,NA,NA
PIK3R1,5,67588951,67588951,SNP,Nonsense_Mutation,C,C,T,20,,NA,1,NA,NA,1,NA,NA,NA,NA,NA,NA,NA,NA,NA,NA,NA,NA,NA,NA,NA,3,NA,NA,NA,NA,NA,15,NA,NA
ROR2,9,94486026,94486028,DEL,In_Frame_Del,TCC,TCC,-,20,,1,NA,NA,NA,NA,NA,NA,1,1,NA,NA,NA,NA,NA,NA,NA,NA,15,NA,NA,NA,NA,NA,NA,2,NA,NA,NA,NA
TAOK2,16,29994531,29994533,DEL,In_Frame_Del,GAG,GAG,-,20,,NA,NA,NA,NA,NA,NA,NA,NA,1,NA,NA,NA,NA,NA,NA,NA,NA,18,NA,NA,NA,NA,NA,1,NA,NA,NA,NA,NA
TRRAP,7,98609744,98609745,INS,Frame_Shift_Ins,-,-,A,20,,NA,NA,NA,NA,NA,NA,NA,19,NA,NA,1,NA,NA,NA,NA,NA,NA,NA,NA,NA,NA,NA,NA,NA,NA,NA,NA,NA,NA
TSSK3,1,32828389,32828390,INS,Frame_Shift_Ins,-,-,A,20,,NA,NA,NA,NA,NA,NA,NA,20,NA,NA,NA,NA,NA,NA,NA,NA,NA,NA,NA,NA,NA,NA,NA,NA,NA,NA,NA,NA,NA
CDKL1,14,50807859,50807860,INS,Frame_Shift_Ins,-,-,G,19,,NA,NA,NA,NA,NA,NA,NA,19,NA,NA,NA,NA,NA,NA,NA,NA,NA,NA,NA,NA,NA,NA,NA,NA,NA,NA,NA,NA,NA
EPHB1,3,134670327,134670328,INS,Frame_Shift_Ins,-,-,G,19,,NA,NA,NA,NA,NA,NA,NA,19,NA,NA,NA,NA,NA,NA,NA,NA,NA,NA,NA,NA,NA,NA,NA,NA,NA,NA,NA,NA,NA
EPHB6,7,142562308,142562309,INS,Frame_Shift_Ins,-,-,G,19,,NA,NA,NA,NA,2,NA,NA,15,NA,NA,NA,NA,NA,NA,NA,2,NA,NA,NA,NA,NA,NA,NA,NA,NA,NA,NA,NA,NA
MAP3K9,14,71215544,71215544,SNP,Splice_Site,A,A,T,19,,NA,NA,NA,NA,NA,NA,NA,13,NA,NA,3,NA,2,NA,NA,NA,NA,NA,NA,1,NA,NA,NA,NA,NA,NA,NA,NA,NA
NPR2,9,35809224,35809225,INS,Frame_Shift_Ins,-,-,G,19,,NA,NA,NA,NA,NA,NA,NA,16,NA,NA,1,NA,NA,NA,1,1,NA,NA,NA,NA,NA,NA,NA,NA,NA,NA,NA,NA,NA
PIK3C3,18,39637943,39637944,INS,Frame_Shift_Ins,-,-,G,19,,NA,NA,NA,NA,1,NA,NA,17,NA,NA,NA,NA,NA,NA,NA,NA,NA,NA,NA,NA,NA,NA,NA,NA,NA,NA,1,NA,NA
SLK,10,105727547,105727549,DEL,In_Frame_Del,AGA,AGA,-,19,,NA,NA,NA,NA,NA,NA,1,NA,NA,NA,NA,NA,NA,NA,NA,NA,NA,15,NA,3,NA,NA,NA,NA,NA,NA,NA,NA,NA
TLK2,17,60637441,60637441,SNP,Missense_Mutation,G,G,A,19,,NA,NA,NA,NA,5,NA,1,NA,NA,1,5,NA,NA,NA,NA,NA,NA,1,NA,NA,NA,NA,NA,1,NA,NA,5,NA,NA
TNIK,3,170846526,170846527,INS,Frame_Shift_Ins,-,-,G,19,,NA,NA,NA,NA,NA,NA,NA,19,NA,NA,NA,NA,NA,NA,NA,NA,NA,NA,NA,NA,NA,NA,NA,NA,NA,NA,NA,NA,NA
ABR,17,914016,914017,INS,Frame_Shift_Ins,-,C,C,18,,NA,NA,NA,NA,NA,NA,NA,18,NA,NA,NA,NA,NA,NA,NA,NA,NA,NA,NA,NA,NA,NA,NA,NA,NA,NA,NA,NA,NA
CDK4,12,58143030,58143031,INS,Frame_Shift_Ins,-,-,G,18,,NA,NA,NA,NA,NA,NA,NA,12,NA,NA,4,NA,1,NA,NA,1,NA,NA,NA,NA,NA,NA,NA,NA,NA,NA,NA,NA,NA
IKBKE,1,206652329,206652330,INS,Frame_Shift_Ins,-,-,C,18,,NA,NA,NA,NA,NA,NA,NA,15,NA,NA,NA,NA,1,NA,NA,2,NA,NA,NA,NA,NA,NA,NA,NA,NA,NA,NA,NA,NA
MAST2,1,46463414,46463415,INS,Frame_Shift_Ins,-,-,C,18,,NA,NA,NA,NA,2,NA,NA,16,NA,NA,NA,NA,NA,NA,NA,NA,NA,NA,NA,NA,NA,NA,NA,NA,NA,NA,NA,NA,NA
PIK3CA,3,178916936,178916936,SNP,Missense_Mutation,G,G,A,18,,NA,2,NA,NA,3,NA,NA,1,NA,NA,NA,NA,NA,NA,NA,NA,NA,NA,NA,1,NA,NA,NA,NA,NA,NA,9,2,NA
PRKCI,3,169998104,169998104,SNP,Nonsense_Mutation,T,T,A,18,,NA,NA,NA,NA,18,NA,NA,NA,NA,NA,NA,NA,NA,NA,NA,NA,NA,NA,NA,NA,NA,NA,NA,NA,NA,NA,NA,NA,NA
PRKDC,8,48866910,48866910,DEL,Frame_Shift_Del,T,T,-,18,,3,7,NA,NA,NA,NA,NA,NA,NA,NA,NA,NA,NA,NA,NA,NA,NA,NA,1,NA,NA,NA,1,NA,2,NA,4,NA,NA
SMG1,16,18887699,18887699,SNP,Missense_Mutation,T,T,C,18,,NA,1,NA,1,1,NA,1,2,1,NA,1,NA,NA,NA,NA,1,NA,5,NA,NA,NA,NA,2,NA,NA,NA,2,NA,NA
TAOK2,16,29997842,29997843,INS,Frame_Shift_Ins,-,-,C,18,,NA,NA,NA,NA,NA,NA,NA,12,NA,NA,2,NA,NA,NA,NA,4,NA,NA,NA,NA,NA,NA,NA,NA,NA,NA,NA,NA,NA
TEX14,17,56663315,56663316,INS,Frame_Shift_Ins,-,-,G,18,,NA,NA,NA,NA,NA,NA,NA,18,NA,NA,NA,NA,NA,NA,NA,NA,NA,NA,NA,NA,NA,NA,NA,NA,NA,NA,NA,NA,NA
TRPM6,9,77377691,77377692,INS,Frame_Shift_Ins,-,-,C,18,,NA,NA,NA,NA,1,NA,NA,8,NA,NA,2,NA,2,NA,1,4,NA,NA,NA,NA,NA,NA,NA,NA,NA,NA,NA,NA,NA
ALK,2,29416173,29416188,DEL,Frame_Shift_Del,CTAAGGGCAAGCCCTG,-,-,17,,NA,NA,NA,NA,NA,NA,NA,17,NA,NA,NA,NA,NA,NA,NA,NA,NA,NA,NA,NA,NA,NA,NA,NA,NA,NA,NA,NA,NA
ERBB2,17,37881332,37881332,SNP,Missense_Mutation,G,G,A,17,,2,1,NA,NA,1,NA,NA,NA,NA,NA,NA,NA,NA,NA,NA,NA,NA,2,NA,NA,4,NA,NA,NA,NA,NA,6,1,NA
JAK1,1,65339110,65339111,INS,Frame_Shift_Ins,-,-,T,17,,NA,1,NA,NA,NA,NA,NA,10,NA,NA,NA,NA,NA,NA,NA,NA,NA,NA,NA,NA,NA,NA,NA,NA,NA,NA,6,NA,NA
KSR1,17,25910015,25910016,INS,Frame_Shift_Ins,-,-,C,17,,NA,2,NA,NA,3,NA,NA,2,NA,NA,1,NA,NA,NA,1,NA,NA,1,NA,NA,NA,NA,1,NA,NA,NA,6,NA,NA
LATS1,6,150023206,150023207,INS,Frame_Shift_Ins,-,G,G,17,,NA,NA,NA,NA,NA,NA,NA,17,NA,NA,NA,NA,NA,NA,NA,NA,NA,NA,NA,NA,NA,NA,NA,NA,NA,NA,NA,NA,NA
MAPK1,22,22127164,22127164,SNP,Missense_Mutation,C,C,T,17,,NA,NA,8,NA,NA,NA,NA,NA,7,NA,NA,NA,NA,NA,NA,NA,NA,NA,NA,NA,NA,NA,NA,NA,NA,NA,2,NA,NA
PIK3CA,3,178917478,178917478,SNP,Splice_Site,G,G,A,17,,1,3,NA,NA,NA,NA,NA,NA,NA,NA,NA,NA,NA,1,NA,NA,NA,1,NA,NA,1,NA,NA,NA,NA,NA,10,NA,NA
TNK2,3,195595228,195595229,INS,Frame_Shift_Ins,-,-,G,17,,NA,1,NA,NA,1,NA,NA,3,NA,1,1,NA,NA,NA,1,NA,NA,4,NA,1,1,NA,NA,NA,NA,NA,3,NA,NA
TRPM6,9,77403574,77403574,SNP,Missense_Mutation,C,A,A,17,,12,NA,NA,NA,NA,NA,NA,NA,2,NA,NA,NA,NA,NA,NA,NA,NA,NA,NA,NA,NA,NA,NA,NA,1,NA,NA,1,1
TTK,6,80751896,80751897,INS,Frame_Shift_Ins,-,-,A,17,,1,NA,NA,NA,NA,NA,NA,1,1,NA,NA,NA,NA,NA,NA,NA,NA,12,NA,NA,NA,NA,NA,NA,NA,2,NA,NA,NA
WNK4,17,40939870,40939870,DEL,Frame_Shift_Del,G,G,-,17,,NA,NA,NA,NA,6,NA,NA,NA,1,NA,NA,NA,NA,NA,1,NA,NA,NA,NA,NA,NA,NA,NA,NA,NA,NA,9,NA,NA
BLK,8,11412347,11412348,INS,Frame_Shift_Ins,-,-,C,16,,NA,NA,NA,NA,NA,NA,NA,16,NA,NA,NA,NA,NA,NA,NA,NA,NA,NA,NA,NA,NA,NA,NA,NA,NA,NA,NA,NA,NA
CSNK1A1L,13,37678404,37678405,INS,Frame_Shift_Ins,-,-,T,16,,NA,NA,NA,NA,1,NA,NA,11,NA,NA,NA,NA,NA,NA,NA,NA,NA,NA,NA,NA,1,NA,NA,NA,NA,NA,3,NA,NA
DYRK4,12,4719362,4719362,DEL,Frame_Shift_Del,A,A,-,16,,NA,NA,NA,NA,3,NA,NA,NA,NA,NA,1,NA,NA,NA,NA,NA,NA,3,NA,NA,NA,NA,1,4,NA,NA,4,NA,NA
EIF2AK3,2,88892826,88892827,INS,Frame_Shift_Ins,-,-,T,16,,NA,NA,NA,NA,2,NA,NA,12,NA,NA,NA,NA,2,NA,NA,NA,NA,NA,NA,NA,NA,NA,NA,NA,NA,NA,NA,NA,NA
EPHA2,1,16462199,16462199,DEL,Frame_Shift_Del,G,G,-,16,,NA,NA,NA,NA,5,NA,NA,NA,1,NA,NA,NA,NA,NA,NA,NA,NA,NA,NA,NA,NA,NA,NA,NA,NA,NA,10,NA,NA
ERBB3,12,56478854,56478854,SNP,Missense_Mutation,G,G,A,16,,1,NA,4,NA,4,NA,NA,NA,NA,NA,NA,NA,NA,NA,NA,NA,NA,NA,NA,NA,2,NA,NA,NA,NA,NA,4,1,NA
GRK4,4,3015470,3015470,DEL,Frame_Shift_Del,A,A,-,16,,1,1,NA,NA,1,NA,NA,1,NA,NA,NA,NA,NA,1,NA,NA,NA,1,NA,NA,NA,NA,1,NA,NA,NA,9,NA,NA
LMTK2,7,97780756,97780757,INS,Frame_Shift_Ins,-,G,G,16,,NA,NA,NA,NA,NA,NA,NA,16,NA,NA,NA,NA,NA,NA,NA,NA,NA,NA,NA,NA,NA,NA,NA,NA,NA,NA,NA,NA,NA
LMTK3,19,48994757,48994758,INS,Frame_Shift_Ins,-,-,G,16,,NA,NA,1,NA,3,NA,NA,4,NA,NA,1,NA,1,NA,NA,1,NA,NA,NA,1,1,NA,1,NA,NA,1,1,NA,NA
MAP3K15,X,19387229,19387230,INS,Frame_Shift_Ins,-,G,G,16,,NA,NA,NA,NA,NA,NA,NA,16,NA,NA,NA,NA,NA,NA,NA,NA,NA,NA,NA,NA,NA,NA,NA,NA,NA,NA,NA,NA,NA
PAK2,3,196509577,196509577,SNP,Missense_Mutation,C,G,G,16,,4,NA,1,NA,NA,NA,NA,NA,3,NA,NA,NA,NA,NA,NA,NA,NA,2,3,NA,NA,NA,NA,NA,2,NA,NA,1,NA
PIK3CA,3,178928079,178928079,SNP,Missense_Mutation,G,G,A,16,,2,7,2,NA,NA,NA,NA,NA,1,NA,NA,NA,NA,3,NA,1,NA,NA,NA,NA,NA,NA,NA,NA,NA,NA,NA,NA,NA
PIK3CA,3,178936092,178936092,SNP,Missense_Mutation,A,A,C,16,,1,6,NA,NA,2,NA,NA,1,NA,NA,NA,NA,NA,1,NA,NA,NA,NA,NA,NA,NA,NA,NA,NA,NA,NA,4,1,NA
PRKAA2,1,57140052,57140052,SNP,Splice_Site,A,A,T,16,,NA,NA,NA,NA,NA,NA,NA,8,NA,NA,4,NA,4,NA,NA,NA,NA,NA,NA,NA,NA,NA,NA,NA,NA,NA,NA,NA,NA
PRKAB1,12,120110200,120110201,INS,Frame_Shift_Ins,-,-,G,16,,NA,1,NA,NA,NA,NA,NA,9,NA,NA,1,NA,1,NA,NA,3,NA,NA,NA,NA,NA,NA,NA,NA,NA,NA,1,NA,NA
PTK2,8,141678497,141678498,INS,Frame_Shift_Ins,-,-,G,16,,NA,NA,NA,NA,NA,NA,NA,15,NA,NA,NA,NA,NA,NA,NA,1,NA,NA,NA,NA,NA,NA,NA,NA,NA,NA,NA,NA,NA
SMG1,16,18937327,18937327,SNP,Missense_Mutation,C,C,T,16,,NA,NA,1,NA,1,1,1,NA,1,NA,NA,8,NA,NA,NA,1,NA,1,NA,1,NA,NA,NA,NA,NA,NA,NA,NA,NA
SPEG,2,220352919,220352920,INS,Frame_Shift_Ins,-,-,C,16,,NA,1,NA,NA,NA,NA,NA,14,NA,NA,NA,NA,NA,NA,NA,NA,NA,NA,NA,NA,NA,NA,NA,NA,NA,NA,1,NA,NA
TTN,2,179634421,179634421,SNP,Missense_Mutation,T,G,G,16,,11,NA,NA,NA,NA,NA,NA,NA,3,NA,NA,NA,NA,NA,NA,NA,NA,NA,NA,NA,NA,NA,NA,NA,2,NA,NA,NA,NA
ATR,3,142242899,142242900,INS,Frame_Shift_Ins,-,-,C,15,,NA,NA,NA,NA,NA,NA,NA,15,NA,NA,NA,NA,NA,NA,NA,NA,NA,NA,NA,NA,NA,NA,NA,NA,NA,NA,NA,NA,NA
BAZ1B,7,72907202,72907202,DEL,Frame_Shift_Del,T,T,-,15,,NA,2,NA,NA,5,NA,NA,NA,NA,NA,5,NA,NA,NA,NA,NA,NA,1,NA,NA,1,NA,NA,NA,NA,NA,1,NA,NA
CDK11A,1,1654058,1654058,SNP,Translation_Start_Site,C,C,T,15,,1,NA,NA,NA,NA,NA,NA,1,NA,NA,1,NA,1,NA,4,NA,NA,4,NA,1,NA,NA,1,NA,NA,NA,1,NA,NA
CSNK1G3,5,122881495,122881495,DEL,Frame_Shift_Del,A,A,-,15,,NA,1,NA,NA,3,NA,NA,2,NA,NA,NA,NA,NA,NA,NA,NA,NA,7,NA,NA,NA,NA,NA,NA,NA,NA,2,NA,NA
DYRK3,1,206821937,206821938,INS,Frame_Shift_Ins,-,-,G,15,,NA,1,NA,NA,NA,NA,NA,8,NA,NA,2,NA,NA,NA,1,3,NA,NA,NA,NA,NA,NA,NA,NA,NA,NA,NA,NA,NA
EEF2K,16,22237102,22237103,INS,Frame_Shift_Ins,-,-,C,15,,NA,1,NA,NA,NA,NA,NA,14,NA,NA,NA,NA,NA,NA,NA,NA,NA,NA,NA,NA,NA,NA,NA,NA,NA,NA,NA,NA,NA
FGFR3,4,1807542,1807543,INS,Frame_Shift_Ins,-,-,G,15,,1,NA,NA,NA,NA,NA,NA,5,1,NA,2,1,NA,NA,2,3,NA,NA,NA,NA,NA,NA,NA,NA,NA,NA,NA,NA,NA
GUCY2C,12,14796509,14796510,INS,Splice_Site,-,-,T,15,,NA,NA,NA,NA,1,NA,NA,12,NA,NA,NA,NA,1,NA,NA,1,NA,NA,NA,NA,NA,NA,NA,NA,NA,NA,NA,NA,NA
ILK,11,6629392,6629392,DEL,Frame_Shift_Del,C,C,-,15,,NA,1,NA,NA,1,NA,1,NA,1,NA,NA,NA,NA,NA,NA,NA,NA,NA,NA,NA,NA,NA,NA,NA,NA,NA,11,NA,NA
KALRN,3,124416510,124416511,INS,Frame_Shift_Ins,-,-,C,15,,NA,1,NA,NA,3,NA,NA,11,NA,NA,NA,NA,NA,NA,NA,NA,NA,NA,NA,NA,NA,NA,NA,NA,NA,NA,NA,NA,NA
KALRN,3,124418865,124418865,SNP,Nonsense_Mutation,C,C,T,15,,NA,NA,NA,NA,NA,NA,NA,NA,4,NA,NA,NA,1,3,NA,2,NA,2,NA,NA,NA,NA,1,NA,NA,NA,1,1,NA
KALRN,3,124431854,124431855,INS,Frame_Shift_Ins,-,-,A,15,,NA,1,NA,NA,NA,NA,NA,14,NA,NA,NA,NA,NA,NA,NA,NA,NA,NA,NA,NA,NA,NA,NA,NA,NA,NA,NA,NA,NA
MAP3K4,6,161519351,161519353,DEL,In_Frame_Del,CTG,CTG,-,15,,NA,13,1,NA,NA,NA,NA,1,NA,NA,NA,NA,NA,NA,NA,NA,NA,NA,NA,NA,NA,NA,NA,NA,NA,NA,NA,NA,NA
MARK2,11,63666147,63666148,DEL,Splice_Site,TA,-,-,15,,NA,NA,NA,NA,NA,NA,NA,15,NA,NA,NA,NA,NA,NA,NA,NA,NA,NA,NA,NA,NA,NA,NA,NA,NA,NA,NA,NA,NA
MAST2,1,46494558,46494559,INS,Frame_Shift_Ins,-,-,T,15,,NA,NA,NA,NA,1,NA,NA,9,NA,NA,3,NA,NA,NA,NA,1,NA,NA,NA,NA,NA,NA,NA,NA,NA,NA,1,NA,NA
OBSCN,1,228434292,228434292,SNP,Missense_Mutation,C,G,G,15,,12,NA,NA,NA,NA,NA,NA,NA,3,NA,NA,NA,NA,NA,NA,NA,NA,NA,NA,NA,NA,NA,NA,NA,NA,NA,NA,NA,NA
PIK3CA,3,178936094,178936094,SNP,Missense_Mutation,C,C,A,15,,1,4,NA,NA,1,NA,NA,1,NA,NA,NA,NA,NA,NA,NA,NA,NA,NA,NA,1,2,NA,NA,NA,NA,NA,5,NA,NA
PIK3R1,5,67522699,67522700,INS,Frame_Shift_Ins,-,-,G,15,,NA,NA,NA,NA,NA,NA,NA,14,NA,NA,NA,NA,NA,NA,NA,NA,NA,NA,NA,NA,NA,NA,NA,NA,NA,NA,1,NA,NA
PLK2,5,57753012,57753012,DEL,Frame_Shift_Del,A,A,-,15,,NA,NA,NA,NA,6,NA,NA,NA,NA,NA,3,NA,NA,NA,NA,NA,NA,NA,NA,NA,NA,NA,NA,NA,NA,1,5,NA,NA
PTK2B,8,27309048,27309049,INS,Frame_Shift_Ins,-,-,G,15,,NA,NA,NA,NA,NA,NA,NA,15,NA,NA,NA,NA,NA,NA,NA,NA,NA,NA,NA,NA,NA,NA,NA,NA,NA,NA,NA,NA,NA
PTK7,6,43111195,43111196,INS,Frame_Shift_Ins,-,-,C,15,,NA,NA,NA,NA,NA,NA,NA,11,NA,NA,2,NA,NA,NA,1,1,NA,NA,NA,NA,NA,NA,NA,NA,NA,NA,NA,NA,NA
RNASEL,1,182554908,182554909,INS,Frame_Shift_Ins,-,-,C,15,,NA,NA,NA,NA,2,NA,NA,9,NA,NA,3,NA,NA,NA,NA,NA,NA,NA,NA,NA,1,NA,NA,NA,NA,NA,NA,NA,NA
RPS6KA6,X,83403063,83403063,DEL,Frame_Shift_Del,T,T,-,15,,NA,1,NA,NA,8,1,NA,NA,NA,NA,1,NA,NA,NA,NA,NA,NA,NA,NA,NA,NA,NA,NA,NA,NA,NA,4,NA,NA
TGFBR2,3,30691872,30691872,DEL,Frame_Shift_Del,A,A,-,15,,NA,3,1,NA,NA,NA,4,NA,NA,NA,NA,1,NA,NA,NA,NA,NA,NA,NA,NA,NA,2,NA,NA,NA,NA,4,NA,NA
TRRAP,7,98548545,98548546,INS,Frame_Shift_Ins,-,-,G,15,,NA,NA,NA,NA,NA,NA,NA,13,NA,NA,NA,NA,NA,NA,1,1,NA,NA,NA,NA,NA,NA,NA,NA,NA,NA,NA,NA,NA
ATM,11,108114749,108114749,SNP,Missense_Mutation,G,G,A,14,,NA,NA,NA,NA,NA,NA,NA,NA,NA,NA,14,NA,NA,NA,NA,NA,NA,NA,NA,NA,NA,NA,NA,NA,NA,NA,NA,NA,NA
CDC7,1,91967357,91967357,DEL,Frame_Shift_Del,A,A,-,14,,NA,NA,NA,NA,1,NA,NA,NA,NA,NA,NA,NA,NA,NA,NA,NA,NA,NA,NA,NA,NA,NA,NA,NA,NA,NA,13,NA,NA
LIMK1,7,73513508,73513509,INS,Frame_Shift_Ins,-,-,C,14,,NA,NA,NA,NA,NA,NA,NA,13,NA,NA,NA,NA,1,NA,NA,NA,NA,NA,NA,NA,NA,NA,NA,NA,NA,NA,NA,NA,NA
LIMK2,22,31672776,31672777,INS,Splice_Site,-,-,C,14,,NA,1,NA,NA,2,NA,NA,7,NA,NA,NA,NA,NA,NA,NA,1,NA,1,NA,1,NA,NA,NA,NA,NA,NA,1,NA,NA
LMTK2,7,97820131,97820132,DEL,Frame_Shift_Del,AG,AG,-,14,,NA,NA,NA,NA,2,NA,NA,NA,1,NA,1,NA,1,NA,NA,1,NA,7,NA,1,NA,NA,NA,NA,NA,NA,NA,NA,NA
MAP2K1,15,66729162,66729162,SNP,Missense_Mutation,C,C,T,14,,NA,NA,NA,NA,1,NA,NA,NA,NA,NA,NA,NA,NA,NA,NA,NA,NA,NA,NA,NA,NA,NA,13,NA,NA,NA,NA,NA,NA
MAP4K3,2,39536662,39536662,SNP,Splice_Site,T,T,A,14,,NA,NA,NA,NA,1,NA,NA,9,NA,NA,1,NA,3,NA,NA,NA,NA,NA,NA,NA,NA,NA,NA,NA,NA,NA,NA,NA,NA
MAPK7,17,19285118,19285118,SNP,Missense_Mutation,C,C,A,14,,NA,5,NA,NA,1,NA,NA,NA,NA,NA,NA,2,NA,NA,NA,NA,NA,NA,NA,NA,1,NA,NA,3,NA,NA,2,NA,NA
MTOR,1,11190804,11190804,SNP,Missense_Mutation,C,C,T,14,,NA,NA,1,NA,3,NA,NA,1,NA,NA,NA,NA,NA,NA,NA,NA,1,NA,NA,NA,NA,NA,1,NA,NA,NA,7,NA,NA
PAK2,3,196529902,196529902,SNP,Missense_Mutation,G,G,C,14,,NA,1,2,NA,1,NA,1,2,NA,NA,NA,NA,NA,NA,NA,NA,6,NA,NA,NA,NA,NA,NA,NA,NA,NA,1,NA,NA
PIK3CA,3,178952072,178952072,SNP,Missense_Mutation,A,A,G,14,,NA,1,NA,NA,NA,NA,NA,3,2,NA,NA,NA,NA,4,NA,NA,NA,NA,NA,NA,NA,NA,NA,NA,NA,NA,4,NA,NA
PIK3CA,3,178952084,178952084,SNP,Missense_Mutation,C,C,T,14,,NA,2,NA,NA,4,NA,NA,NA,NA,NA,NA,NA,NA,1,NA,NA,NA,NA,NA,NA,NA,NA,NA,NA,NA,NA,6,1,NA
PRKCD,3,53220653,53220653,DEL,Frame_Shift_Del,G,G,-,14,,1,NA,NA,NA,1,NA,NA,2,1,NA,NA,NA,NA,NA,NA,NA,NA,6,NA,NA,NA,NA,1,NA,NA,NA,2,NA,NA
PRKCI,3,169998082,169998082,SNP,Missense_Mutation,G,G,A,14,,NA,NA,NA,NA,14,NA,NA,NA,NA,NA,NA,NA,NA,NA,NA,NA,NA,NA,NA,NA,NA,NA,NA,NA,NA,NA,NA,NA,NA
SIK2,11,111571666,111571667,INS,Frame_Shift_Ins,-,G,G,14,,NA,NA,NA,NA,NA,NA,NA,14,NA,NA,NA,NA,NA,NA,NA,NA,NA,NA,NA,NA,NA,NA,NA,NA,NA,NA,NA,NA,NA
TTN,2,179398169,179398170,INS,Frame_Shift_Ins,-,-,G,14,,NA,NA,NA,NA,NA,NA,NA,13,NA,NA,1,NA,NA,NA,NA,NA,NA,NA,NA,NA,NA,NA,NA,NA,NA,NA,NA,NA,NA
ATR,3,142274739,142274740,INS,Frame_Shift_Ins,-,-,T,13,,1,1,1,NA,1,NA,NA,2,NA,NA,1,NA,NA,NA,1,3,NA,NA,NA,NA,NA,NA,NA,NA,NA,NA,2,NA,NA
AXL,19,41726644,41726645,INS,Frame_Shift_Ins,-,-,C,13,,NA,2,NA,NA,NA,NA,NA,10,NA,NA,NA,NA,NA,NA,NA,1,NA,NA,NA,NA,NA,NA,NA,NA,NA,NA,NA,NA,NA
CDK20,9,90582462,90582463,INS,Frame_Shift_Ins,-,-,G,13,,NA,1,NA,NA,1,NA,NA,10,NA,NA,NA,NA,1,NA,NA,NA,NA,NA,NA,NA,NA,NA,NA,NA,NA,NA,NA,NA,NA
CSF1R,5,149460475,149460476,INS,Frame_Shift_Ins,-,-,G,13,,NA,NA,NA,NA,NA,NA,NA,12,NA,NA,1,NA,NA,NA,NA,NA,NA,NA,NA,NA,NA,NA,NA,NA,NA,NA,NA,NA,NA
DCLK3,3,36779823,36779824,INS,Frame_Shift_Ins,-,-,G,13,,NA,NA,NA,NA,NA,NA,NA,12,NA,NA,NA,NA,NA,NA,NA,NA,NA,NA,NA,NA,1,NA,NA,NA,NA,NA,NA,NA,NA
EGFR,7,55221821,55221821,SNP,Missense_Mutation,G,G,A,13,,NA,NA,NA,NA,NA,NA,NA,12,1,NA,NA,NA,NA,NA,NA,NA,NA,NA,NA,NA,NA,NA,NA,NA,NA,NA,NA,NA,NA
EGFR,7,55259515,55259515,SNP,Missense_Mutation,T,T,G,13,,NA,NA,NA,NA,NA,NA,NA,NA,NA,NA,NA,NA,NA,NA,12,1,NA,NA,NA,NA,NA,NA,NA,NA,NA,NA,NA,NA,NA
EIF2AK3,2,88874269,88874270,DEL,Frame_Shift_Del,CT,CT,-,13,,NA,NA,NA,NA,4,NA,NA,2,NA,NA,NA,NA,NA,NA,NA,NA,NA,1,NA,NA,1,NA,3,NA,1,NA,1,NA,NA
FLT1,13,28964076,28964077,INS,Frame_Shift_Ins,-,-,T,13,,NA,NA,NA,NA,NA,NA,NA,13,NA,NA,NA,NA,NA,NA,NA,NA,NA,NA,NA,NA,NA,NA,NA,NA,NA,NA,NA,NA,NA
GUCY2C,12,14778828,14778829,INS,Frame_Shift_Ins,-,-,T,13,,NA,NA,NA,NA,NA,NA,NA,13,NA,NA,NA,NA,NA,NA,NA,NA,NA,NA,NA,NA,NA,NA,NA,NA,NA,NA,NA,NA,NA
HUNK,21,33296950,33296951,INS,Frame_Shift_Ins,-,-,G,13,,NA,NA,NA,NA,NA,NA,NA,12,NA,NA,1,NA,NA,NA,NA,NA,NA,NA,NA,NA,NA,NA,NA,NA,NA,NA,NA,NA,NA
MAP3K4,6,161469776,161469776,DEL,Frame_Shift_Del,A,A,-,13,,NA,NA,NA,NA,2,NA,NA,1,NA,NA,2,NA,NA,NA,NA,NA,NA,5,NA,NA,NA,NA,NA,NA,NA,NA,3,NA,NA
MYO3A,10,26462760,26462760,DEL,Frame_Shift_Del,A,A,-,13,,NA,NA,NA,NA,3,NA,1,NA,1,NA,NA,NA,NA,NA,NA,NA,NA,4,NA,1,NA,NA,NA,NA,NA,NA,3,NA,NA
NEK9,14,75567762,75567763,INS,Frame_Shift_Ins,-,-,C,13,,NA,NA,NA,NA,NA,NA,NA,13,NA,NA,NA,NA,NA,NA,NA,NA,NA,NA,NA,NA,NA,NA,NA,NA,NA,NA,NA,NA,NA
PIK3CA,3,178916854,178916854,SNP,Missense_Mutation,G,G,A,13,,NA,2,1,NA,2,NA,NA,2,1,NA,1,NA,NA,NA,NA,1,NA,NA,NA,NA,NA,NA,NA,NA,NA,NA,3,NA,NA
PIK3CA,3,178916938,178916940,DEL,In_Frame_Del,GAA,GAA,-,13,,NA,2,NA,NA,2,NA,NA,NA,1,NA,NA,NA,NA,4,NA,NA,NA,NA,NA,NA,NA,NA,NA,NA,NA,NA,4,NA,NA
PIK3CA,3,178936091,178936091,SNP,Missense_Mutation,G,A,A,13,,NA,NA,8,1,NA,NA,NA,NA,2,NA,NA,NA,NA,NA,2,NA,NA,NA,NA,NA,NA,NA,NA,NA,NA,NA,NA,NA,NA
PIK3R1,5,67589138,67589138,SNP,Missense_Mutation,G,G,A,13,,NA,NA,NA,NA,NA,NA,NA,6,NA,NA,NA,NA,NA,3,NA,NA,NA,NA,NA,NA,NA,NA,NA,NA,NA,NA,3,1,NA
ROCK1,18,18533679,18533679,DEL,Frame_Shift_Del,T,T,-,13,,NA,NA,NA,NA,2,NA,NA,1,NA,NA,1,NA,NA,NA,NA,NA,NA,NA,NA,NA,NA,NA,NA,NA,NA,NA,9,NA,NA
SMG1,16,18937310,18937312,DEL,In_Frame_Del,GCC,GCC,-,13,,NA,1,NA,NA,NA,NA,3,2,NA,NA,NA,2,NA,NA,NA,NA,1,1,NA,1,1,NA,1,NA,NA,NA,NA,NA,NA
TAOK2,16,29998498,29998500,DEL,In_Frame_Del,CTG,CTG,-,13,,2,NA,NA,NA,NA,NA,NA,NA,NA,NA,NA,NA,NA,NA,NA,NA,NA,11,NA,NA,NA,NA,NA,NA,NA,NA,NA,NA,NA
TIE1,1,43783268,43783268,SNP,Missense_Mutation,C,C,T,13,,NA,NA,NA,NA,NA,NA,NA,3,NA,NA,NA,NA,1,1,1,2,NA,3,NA,2,NA,NA,NA,NA,NA,NA,NA,NA,NA
TRIO,5,14359491,14359492,INS,Frame_Shift_Ins,-,-,C,13,,NA,NA,NA,NA,NA,NA,NA,11,NA,NA,NA,NA,NA,NA,1,1,NA,NA,NA,NA,NA,NA,NA,NA,NA,NA,NA,NA,NA
TTBK2,15,43038025,43038026,INS,Frame_Shift_Ins,-,-,C,13,,NA,11,NA,NA,1,NA,NA,NA,NA,NA,1,NA,NA,NA,NA,NA,NA,NA,NA,NA,NA,NA,NA,NA,NA,NA,NA,NA,NA
ULK2,17,19687069,19687070,INS,Frame_Shift_Ins,-,-,G,13,,NA,NA,NA,NA,NA,NA,NA,9,NA,NA,NA,NA,1,NA,NA,2,NA,NA,NA,NA,1,NA,NA,NA,NA,NA,NA,NA,NA
ACVR2A,2,148657041,148657041,DEL,Frame_Shift_Del,A,A,-,12,,NA,NA,NA,NA,2,NA,NA,NA,1,NA,3,NA,NA,NA,NA,NA,NA,1,NA,NA,NA,NA,NA,NA,NA,NA,5,NA,NA
ACVR2A,2,148683685,148683686,INS,Frame_Shift_Ins,-,-,A,12,,NA,1,NA,NA,NA,NA,NA,NA,NA,NA,NA,NA,NA,NA,5,NA,NA,4,NA,NA,NA,NA,NA,NA,NA,NA,2,NA,NA
ALK,2,30143057,30143058,INS,Frame_Shift_Ins,-,-,C,12,,NA,NA,NA,NA,NA,NA,NA,6,2,NA,NA,NA,NA,NA,1,3,NA,NA,NA,NA,NA,NA,NA,NA,NA,NA,NA,NA,NA
ATM,11,108117798,108117798,SNP,Missense_Mutation,C,C,T,12,,NA,NA,NA,NA,4,NA,NA,NA,1,NA,NA,NA,NA,NA,NA,NA,NA,1,NA,1,2,NA,2,NA,NA,NA,1,NA,NA
BRD4,19,15366939,15366939,DEL,Frame_Shift_Del,T,T,-,12,,NA,2,NA,NA,8,NA,NA,NA,NA,NA,2,NA,NA,NA,NA,NA,NA,NA,NA,NA,NA,NA,NA,NA,NA,NA,NA,NA,NA
CDC7,1,91967356,91967357,INS,Frame_Shift_Ins,-,-,A,12,,NA,NA,NA,NA,1,NA,NA,NA,1,NA,NA,NA,NA,NA,NA,NA,1,8,NA,NA,NA,NA,NA,1,NA,NA,NA,NA,NA
DYRK1A,21,38853058,38853059,INS,Frame_Shift_Ins,-,-,A,12,,NA,NA,NA,NA,NA,NA,1,2,NA,NA,NA,NA,NA,NA,NA,NA,NA,NA,NA,NA,NA,NA,NA,NA,NA,NA,9,NA,NA
EGFR,7,55259515,55259515,SNP,Missense_Mutation,T,G,G,12,,NA,NA,NA,NA,NA,NA,NA,NA,NA,NA,NA,NA,NA,NA,12,NA,NA,NA,NA,NA,NA,NA,NA,NA,NA,NA,NA,NA,NA
EIF2AK4,15,40282508,40282508,DEL,Frame_Shift_Del,T,T,-,12,,1,NA,NA,NA,3,NA,NA,NA,NA,NA,1,NA,NA,NA,NA,NA,NA,5,NA,NA,NA,NA,1,NA,NA,NA,1,NA,NA
EPHA10,1,38227136,38227136,SNP,Missense_Mutation,A,A,C,12,,NA,NA,NA,NA,NA,NA,NA,12,NA,NA,NA,NA,NA,NA,NA,NA,NA,NA,NA,NA,NA,NA,NA,NA,NA,NA,NA,NA,NA
EPHB6,7,142562309,142562309,DEL,Frame_Shift_Del,G,G,-,12,,NA,NA,NA,NA,NA,NA,NA,NA,NA,NA,NA,NA,NA,2,NA,NA,NA,9,NA,NA,NA,NA,NA,NA,NA,NA,1,NA,NA
ERBB2,17,37880220,37880220,SNP,Missense_Mutation,T,T,C,12,,1,5,NA,NA,1,NA,NA,NA,NA,NA,NA,2,NA,NA,NA,NA,NA,NA,NA,NA,NA,NA,NA,NA,NA,NA,3,NA,NA
ERBB3,12,56480325,56480326,INS,Frame_Shift_Ins,-,-,G,12,,NA,NA,NA,NA,NA,NA,NA,12,NA,NA,NA,NA,NA,NA,NA,NA,NA,NA,NA,NA,NA,NA,NA,NA,NA,NA,NA,NA,NA
JAK3,19,17954641,17954642,INS,Frame_Shift_Ins,-,-,C,12,,NA,NA,1,NA,NA,1,NA,3,2,NA,1,NA,NA,NA,NA,3,NA,NA,NA,NA,NA,NA,NA,1,NA,NA,NA,NA,NA
KSR2,12,117977605,117977605,DEL,Frame_Shift_Del,G,G,-,12,,NA,NA,NA,NA,2,NA,NA,2,1,NA,NA,NA,NA,NA,NA,NA,NA,NA,NA,NA,NA,NA,NA,NA,NA,NA,7,NA,NA
LMTK2,7,97736519,97736521,DEL,In_Frame_Del,GCT,GCT,-,12,,NA,NA,1,NA,NA,NA,NA,NA,NA,NA,1,1,NA,1,NA,1,NA,1,NA,1,NA,NA,1,NA,3,NA,NA,1,NA
MAP3K7,6,91296568,91296570,DEL,In_Frame_Del,GAG,GAG,-,12,,1,NA,NA,NA,NA,NA,NA,NA,1,NA,NA,NA,NA,NA,1,1,NA,8,NA,NA,NA,NA,NA,NA,NA,NA,NA,NA,NA
OBSCN,1,228559450,228559450,DEL,Frame_Shift_Del,G,G,-,12,,NA,NA,NA,NA,9,NA,NA,NA,NA,NA,NA,NA,NA,NA,NA,NA,NA,NA,NA,NA,NA,NA,NA,NA,NA,NA,3,NA,NA
PAK6,15,40557093,40557094,INS,Frame_Shift_Ins,-,-,C,12,,NA,1,NA,NA,NA,NA,NA,11,NA,NA,NA,NA,NA,NA,NA,NA,NA,NA,NA,NA,NA,NA,NA,NA,NA,NA,NA,NA,NA
PAK7,20,9523310,9523311,INS,Frame_Shift_Ins,-,-,G,12,,NA,1,NA,NA,NA,NA,NA,9,NA,NA,1,NA,NA,NA,NA,NA,NA,NA,NA,NA,NA,NA,NA,NA,NA,NA,1,NA,NA
PDK2,17,48186051,48186052,INS,Frame_Shift_Ins,-,-,C,12,,NA,NA,NA,NA,NA,NA,NA,11,NA,NA,1,NA,NA,NA,NA,NA,NA,NA,NA,NA,NA,NA,NA,NA,NA,NA,NA,NA,NA
PEAK1,15,77471664,77471665,INS,Frame_Shift_Ins,-,-,A,12,,NA,1,NA,NA,NA,NA,NA,11,NA,NA,NA,NA,NA,NA,NA,NA,NA,NA,NA,NA,NA,NA,NA,NA,NA,NA,NA,NA,NA
PIK3CA,3,178916891,178916891,SNP,Missense_Mutation,G,G,A,12,,1,NA,NA,NA,NA,NA,NA,2,NA,NA,NA,NA,NA,NA,NA,NA,NA,NA,NA,NA,NA,NA,NA,NA,NA,NA,9,NA,NA
PIK3CA,3,178936095,178936095,SNP,Missense_Mutation,A,A,C,12,,1,1,NA,NA,NA,NA,1,1,NA,NA,NA,NA,NA,1,NA,NA,NA,NA,NA,NA,NA,NA,NA,NA,NA,NA,7,NA,NA
TIE1,1,43778814,43778815,INS,Frame_Shift_Ins,-,-,C,12,,NA,2,NA,NA,NA,NA,NA,5,NA,NA,3,NA,NA,NA,NA,1,NA,NA,NA,NA,NA,NA,NA,NA,NA,NA,1,NA,NA
TTBK2,15,43038015,43038032,DEL,In_Frame_Del,GGCTTACTCTTCCCTTGG,-,-,12,,NA,NA,NA,NA,NA,NA,NA,12,NA,NA,NA,NA,NA,NA,NA,NA,NA,NA,NA,NA,NA,NA,NA,NA,NA,NA,NA,NA,NA
TTK,6,80751910,80751910,DEL,Frame_Shift_Del,A,A,-,12,,NA,NA,NA,NA,3,NA,NA,NA,NA,NA,NA,NA,NA,NA,NA,1,NA,NA,NA,1,NA,NA,NA,NA,NA,NA,7,NA,NA
TTN,2,179437290,179437291,INS,Frame_Shift_Ins,-,-,G,12,,NA,NA,NA,NA,NA,NA,NA,12,NA,NA,NA,NA,NA,NA,NA,NA,NA,NA,NA,NA,NA,NA,NA,NA,NA,NA,NA,NA,NA
TTN,2,179438032,179438033,INS,Frame_Shift_Ins,-,-,T,12,,NA,NA,NA,NA,NA,NA,NA,12,NA,NA,NA,NA,NA,NA,NA,NA,NA,NA,NA,NA,NA,NA,NA,NA,NA,NA,NA,NA,NA
TYRO3,15,41865505,41865505,SNP,Splice_Site,G,T,T,12,,2,NA,NA,NA,NA,NA,NA,NA,4,NA,NA,NA,NA,NA,NA,NA,NA,NA,1,NA,NA,1,NA,NA,3,NA,NA,NA,1
BMPR2,2,203420129,203420130,INS,Frame_Shift_Ins,-,-,A,11,,NA,NA,NA,NA,1,NA,NA,10,NA,NA,NA,NA,NA,NA,NA,NA,NA,NA,NA,NA,NA,NA,NA,NA,NA,NA,NA,NA,NA
BRAF,7,140453134,140453134,SNP,Missense_Mutation,T,T,C,11,,NA,NA,NA,NA,NA,1,NA,1,NA,NA,NA,NA,NA,NA,NA,NA,NA,NA,NA,1,NA,NA,6,NA,1,NA,1,NA,NA
BRD4,19,15383773,15383774,INS,Frame_Shift_Ins,-,-,G,11,,NA,NA,NA,NA,NA,NA,NA,11,NA,NA,NA,NA,NA,NA,NA,NA,NA,NA,NA,NA,NA,NA,NA,NA,NA,NA,NA,NA,NA
CDK12,17,37686900,37686901,INS,Frame_Shift_Ins,-,-,C,11,,NA,1,NA,NA,NA,NA,NA,6,NA,NA,NA,NA,3,NA,NA,NA,NA,1,NA,NA,NA,NA,NA,NA,NA,NA,NA,NA,NA
CDK18,1,205497018,205497019,INS,Frame_Shift_Ins,-,-,G,11,,NA,NA,NA,NA,1,NA,NA,8,NA,NA,2,NA,NA,NA,NA,NA,NA,NA,NA,NA,NA,NA,NA,NA,NA,NA,NA,NA,NA
CHEK2,22,29091840,29091841,DNP,Missense_Mutation,TG,TG,CA,11,,1,NA,NA,1,NA,NA,NA,4,2,NA,NA,NA,NA,NA,2,NA,NA,NA,NA,NA,NA,NA,NA,1,NA,NA,NA,NA,NA
CSNK2A1,20,467054,467055,INS,Frame_Shift_Ins,-,-,C,11,,NA,NA,NA,NA,NA,NA,NA,11,NA,NA,NA,NA,NA,NA,NA,NA,NA,NA,NA,NA,NA,NA,NA,NA,NA,NA,NA,NA,NA
DAPK1,9,90321802,90321802,DEL,Frame_Shift_Del,G,G,-,11,,NA,NA,NA,NA,5,NA,NA,NA,NA,NA,NA,NA,NA,NA,NA,1,NA,NA,NA,NA,NA,NA,1,NA,NA,NA,4,NA,NA
ERBB2,17,37879658,37879658,SNP,Missense_Mutation,G,G,A,11,,3,1,NA,NA,1,NA,NA,NA,NA,NA,NA,NA,NA,NA,NA,NA,NA,NA,NA,1,NA,NA,NA,NA,NA,NA,5,NA,NA
FGFR2,10,123258034,123258034,SNP,Missense_Mutation,A,A,T,11,,1,4,NA,NA,NA,NA,NA,NA,NA,NA,NA,NA,NA,NA,NA,NA,NA,NA,NA,NA,NA,NA,NA,NA,NA,NA,6,NA,NA
FGFR2,10,123310878,123310879,INS,Frame_Shift_Ins,-,-,C,11,,NA,1,NA,NA,1,NA,NA,6,NA,NA,1,NA,NA,NA,NA,1,NA,NA,NA,NA,1,NA,NA,NA,NA,NA,NA,NA,NA
GSK3B,3,119582341,119582342,INS,Frame_Shift_Ins,-,-,A,11,,NA,NA,NA,NA,NA,NA,NA,10,NA,NA,NA,NA,NA,NA,NA,NA,NA,NA,NA,NA,NA,NA,NA,NA,NA,NA,1,NA,NA
LIMK2,22,31672777,31672777,DEL,Frame_Shift_Del,C,C,-,11,,NA,1,1,NA,2,NA,NA,NA,NA,NA,NA,NA,NA,NA,NA,NA,NA,NA,NA,NA,NA,NA,NA,NA,NA,NA,7,NA,NA
LYN,8,56863054,56863054,DEL,Frame_Shift_Del,A,A,-,11,,NA,1,NA,NA,2,NA,NA,NA,1,NA,3,NA,NA,NA,NA,NA,NA,1,NA,NA,NA,NA,NA,NA,NA,NA,3,NA,NA
MAK,6,10764769,10764770,INS,Frame_Shift_Ins,-,-,T,11,,NA,NA,NA,NA,1,NA,NA,10,NA,NA,NA,NA,NA,NA,NA,NA,NA,NA,NA,NA,NA,NA,NA,NA,NA,NA,NA,NA,NA
MAP3K12,12,53876882,53876883,INS,Frame_Shift_Ins,-,-,G,11,,NA,NA,NA,NA,2,NA,NA,3,NA,NA,1,NA,2,NA,NA,2,NA,NA,NA,NA,NA,NA,NA,NA,NA,NA,1,NA,NA
MAP3K7,6,91226270,91226271,INS,Frame_Shift_Ins,-,-,T,11,,NA,NA,NA,NA,1,NA,NA,10,NA,NA,NA,NA,NA,NA,NA,NA,NA,NA,NA,NA,NA,NA,NA,NA,NA,NA,NA,NA,NA
MAP4K5,14,50930796,50930796,DEL,Frame_Shift_Del,T,T,-,11,,NA,2,NA,NA,5,NA,NA,NA,NA,NA,NA,NA,1,NA,NA,NA,NA,NA,NA,NA,NA,NA,1,NA,NA,NA,2,NA,NA
MAST2,1,46494559,46494559,DEL,Frame_Shift_Del,T,T,-,11,,NA,NA,NA,NA,3,NA,NA,NA,2,NA,NA,NA,NA,NA,NA,NA,NA,2,NA,NA,NA,NA,NA,NA,1,NA,3,NA,NA
MTOR,1,11184573,11184573,SNP,Missense_Mutation,G,G,T,11,,NA,NA,1,NA,2,NA,NA,NA,NA,NA,1,1,NA,NA,NA,NA,NA,NA,NA,NA,NA,NA,NA,NA,NA,NA,6,NA,NA
MYLK3,16,46744689,46744689,SNP,Missense_Mutation,C,C,A,11,,NA,NA,NA,NA,NA,NA,NA,10,NA,NA,NA,NA,NA,1,NA,NA,NA,NA,NA,NA,NA,NA,NA,NA,NA,NA,NA,NA,NA
MYO3B,2,171240258,171240259,INS,Frame_Shift_Ins,-,C,C,11,,NA,NA,NA,NA,NA,NA,NA,NA,NA,NA,NA,NA,NA,NA,10,NA,NA,1,NA,NA,NA,NA,NA,NA,NA,NA,NA,NA,NA
NEK1,4,170428879,170428880,INS,Frame_Shift_Ins,-,-,T,11,,NA,NA,NA,NA,1,NA,NA,8,NA,NA,NA,NA,NA,NA,NA,NA,NA,NA,NA,NA,NA,NA,NA,NA,NA,NA,2,NA,NA
OBSCN,1,228434287,228434288,INS,Frame_Shift_Ins,-,G,-,11,,5,NA,NA,NA,NA,NA,NA,NA,1,NA,NA,NA,NA,NA,NA,NA,NA,4,NA,NA,NA,NA,NA,NA,1,NA,NA,NA,NA
OBSCN,1,228504670,228504670,SNP,Missense_Mutation,C,C,T,11,,NA,NA,NA,NA,NA,NA,NA,NA,NA,NA,NA,NA,NA,NA,NA,NA,NA,NA,NA,1,9,NA,NA,NA,1,NA,NA,NA,NA
PAK2,3,196509522,196509522,SNP,Missense_Mutation,C,C,G,11,,NA,NA,NA,NA,NA,NA,NA,NA,NA,1,NA,NA,NA,NA,NA,NA,NA,NA,8,NA,NA,1,NA,NA,NA,NA,NA,NA,1
PEAK1,15,77473398,77473399,INS,Frame_Shift_Ins,-,-,T,11,,NA,1,NA,NA,NA,NA,NA,10,NA,NA,NA,NA,NA,NA,NA,NA,NA,NA,NA,NA,NA,NA,NA,NA,NA,NA,NA,NA,NA
PIK3C3,18,39576600,39576600,SNP,Splice_Site,A,A,T,11,,NA,NA,1,NA,NA,NA,NA,5,NA,NA,NA,NA,5,NA,NA,NA,NA,NA,NA,NA,NA,NA,NA,NA,NA,NA,NA,NA,NA
PIK3CA,3,178916725,178916725,SNP,Missense_Mutation,C,C,T,11,,NA,NA,NA,NA,2,NA,NA,NA,NA,NA,NA,1,NA,NA,NA,NA,NA,NA,NA,NA,NA,NA,NA,NA,NA,NA,8,NA,NA
PIK3CA,3,178917478,178917478,SNP,Missense_Mutation,G,G,A,11,,NA,4,1,NA,NA,NA,1,1,NA,NA,NA,NA,NA,3,NA,1,NA,NA,NA,NA,NA,NA,NA,NA,NA,NA,NA,NA,NA
PIK3CA,3,178952007,178952007,SNP,Missense_Mutation,A,A,G,11,,NA,1,NA,NA,3,NA,NA,NA,NA,NA,NA,NA,NA,NA,NA,NA,NA,NA,NA,NA,NA,NA,NA,NA,NA,NA,6,1,NA
PIK3R1,5,67591097,67591097,SNP,Missense_Mutation,A,A,G,11,,NA,NA,NA,NA,1,NA,NA,NA,NA,NA,NA,NA,NA,3,NA,NA,NA,NA,NA,NA,NA,NA,1,NA,NA,NA,6,NA,NA
PRKDC,8,48749969,48749969,SNP,Missense_Mutation,C,C,T,11,,NA,1,NA,NA,2,NA,NA,NA,NA,NA,NA,NA,NA,NA,NA,NA,NA,NA,NA,NA,2,NA,NA,NA,NA,NA,6,NA,NA
RPS6KB1,17,58013881,58013882,INS,Frame_Shift_Ins,-,-,C,11,,NA,2,NA,NA,NA,NA,NA,5,NA,NA,NA,NA,NA,NA,NA,2,NA,NA,NA,NA,1,NA,NA,NA,NA,NA,1,NA,NA
SGK2,20,42203610,42203611,INS,Frame_Shift_Ins,-,-,G,11,,NA,NA,NA,NA,NA,NA,NA,11,NA,NA,NA,NA,NA,NA,NA,NA,NA,NA,NA,NA,NA,NA,NA,NA,NA,NA,NA,NA,NA
SIK3,11,116732017,116732018,INS,Frame_Shift_Ins,-,-,G,11,,NA,NA,NA,NA,NA,NA,NA,10,NA,NA,1,NA,NA,NA,NA,NA,NA,NA,NA,NA,NA,NA,NA,NA,NA,NA,NA,NA,NA
SIK3,11,116732068,116732069,INS,Frame_Shift_Ins,-,-,G,11,,NA,NA,NA,NA,NA,NA,NA,11,NA,NA,NA,NA,NA,NA,NA,NA,NA,NA,NA,NA,NA,NA,NA,NA,NA,NA,NA,NA,NA
TLK2,17,60679418,60679418,SNP,Missense_Mutation,T,T,A,11,,NA,NA,NA,NA,1,NA,NA,2,NA,NA,1,1,NA,NA,NA,3,NA,2,NA,1,NA,NA,NA,NA,NA,NA,NA,NA,NA
TRIO,5,14477004,14477004,DEL,Splice_Site,T,T,-,11,,NA,1,NA,NA,4,NA,NA,NA,1,NA,NA,NA,NA,NA,NA,1,NA,NA,NA,NA,NA,NA,NA,NA,NA,NA,4,NA,NA
TTBK1,6,43227329,43227330,INS,Frame_Shift_Ins,-,-,C,11,,NA,NA,NA,NA,NA,NA,NA,7,NA,NA,2,NA,1,NA,NA,1,NA,NA,NA,NA,NA,NA,NA,NA,NA,NA,NA,NA,NA
TTN,2,179600383,179600384,INS,Frame_Shift_Ins,-,-,G,11,,NA,NA,NA,NA,NA,NA,NA,11,NA,NA,NA,NA,NA,NA,NA,NA,NA,NA,NA,NA,NA,NA,NA,NA,NA,NA,NA,NA,NA
ALPK3,15,85405928,85405929,INS,Frame_Shift_Ins,-,-,G,10,,NA,NA,NA,NA,1,NA,NA,8,NA,NA,1,NA,NA,NA,NA,NA,NA,NA,NA,NA,NA,NA,NA,NA,NA,NA,NA,NA,NA
BAZ1A,14,35331422,35331423,INS,Frame_Shift_Ins,-,-,T,10,,NA,2,NA,NA,NA,NA,NA,5,NA,NA,NA,NA,NA,NA,NA,NA,NA,3,NA,NA,NA,NA,NA,NA,NA,NA,NA,NA,NA
BMP2K,4,79792161,79792169,DEL,In_Frame_Del,CAGCACCAC,CAGCACCAC,-,10,,1,NA,NA,NA,NA,NA,NA,NA,NA,NA,NA,NA,NA,NA,NA,NA,NA,9,NA,NA,NA,NA,NA,NA,NA,NA,NA,NA,NA
BMP2K,4,79792166,79792166,SNP,Missense_Mutation,C,G,G,10,,2,NA,NA,NA,NA,NA,NA,NA,1,NA,NA,NA,NA,NA,NA,NA,NA,5,NA,NA,NA,1,NA,NA,1,NA,NA,NA,NA
DYRK1B,19,40316611,40316612,INS,Frame_Shift_Ins,-,-,G,10,,NA,NA,NA,NA,2,NA,NA,7,NA,NA,NA,NA,NA,NA,NA,NA,NA,NA,NA,NA,NA,NA,NA,NA,NA,NA,1,NA,NA
EGFR,7,55211080,55211080,SNP,Missense_Mutation,G,G,A,10,,NA,NA,NA,NA,NA,NA,NA,8,NA,NA,NA,NA,NA,2,NA,NA,NA,NA,NA,NA,NA,NA,NA,NA,NA,NA,NA,NA,NA
EIF2AK1,7,6085740,6085740,DEL,Frame_Shift_Del,T,T,-,10,,NA,NA,NA,NA,7,NA,NA,NA,NA,NA,NA,NA,NA,NA,NA,NA,NA,NA,NA,NA,NA,NA,NA,NA,NA,NA,3,NA,NA
EPHA10,1,38185111,38185112,INS,Frame_Shift_Ins,-,-,G,10,,NA,NA,NA,NA,NA,NA,NA,10,NA,NA,NA,NA,NA,NA,NA,NA,NA,NA,NA,NA,NA,NA,NA,NA,NA,NA,NA,NA,NA
EPHA5,4,66467418,66467418,SNP,Missense_Mutation,A,A,C,10,,NA,NA,NA,NA,NA,NA,NA,10,NA,NA,NA,NA,NA,NA,NA,NA,NA,NA,NA,NA,NA,NA,NA,NA,NA,NA,NA,NA,NA
EPHA7,6,93956553,93956553,SNP,Nonsense_Mutation,G,G,A,10,,NA,NA,NA,NA,2,NA,NA,NA,NA,NA,NA,NA,NA,NA,NA,NA,NA,NA,NA,NA,2,NA,1,NA,NA,NA,5,NA,NA
EPHB2,1,23240246,23240246,DEL,Frame_Shift_Del,A,A,-,10,,NA,1,1,NA,3,NA,1,NA,NA,NA,NA,NA,NA,NA,NA,NA,NA,1,NA,NA,NA,NA,NA,NA,NA,NA,3,NA,NA
ERN2,16,23718095,23718096,INS,Frame_Shift_Ins,-,-,G,10,,NA,NA,NA,NA,NA,NA,NA,2,NA,NA,7,NA,NA,NA,NA,1,NA,NA,NA,NA,NA,NA,NA,NA,NA,NA,NA,NA,NA
FGFR3,4,1806099,1806099,SNP,Missense_Mutation,A,A,G,10,,8,NA,NA,NA,NA,NA,NA,NA,NA,NA,NA,2,NA,NA,NA,NA,NA,NA,NA,NA,NA,NA,NA,NA,NA,NA,NA,NA,NA
FGFR3,4,1806180,1806181,INS,Frame_Shift_Ins,-,-,C,10,,NA,3,NA,NA,NA,NA,NA,3,NA,NA,NA,NA,2,NA,NA,NA,NA,1,NA,NA,NA,NA,NA,NA,NA,NA,1,NA,NA
INSR,19,7117190,7117191,INS,Frame_Shift_Ins,-,-,C,10,,NA,NA,NA,NA,NA,NA,NA,9,NA,NA,NA,NA,NA,NA,NA,NA,NA,NA,NA,NA,NA,NA,NA,NA,NA,NA,1,NA,NA
JAK1,1,65325833,65325833,DEL,Frame_Shift_Del,G,G,-,10,,NA,1,1,NA,NA,NA,NA,NA,NA,NA,NA,NA,NA,NA,NA,NA,NA,NA,NA,NA,1,NA,NA,NA,NA,NA,7,NA,NA
KDR,4,55956220,55956220,SNP,Missense_Mutation,C,C,T,10,,NA,NA,NA,NA,1,NA,NA,NA,NA,NA,NA,NA,NA,NA,NA,NA,NA,NA,NA,NA,NA,NA,7,NA,NA,NA,2,NA,NA
MAPKAPK3,3,50655079,50655080,INS,Frame_Shift_Ins,-,-,G,10,,NA,1,NA,NA,1,NA,NA,6,NA,NA,NA,NA,NA,NA,NA,NA,NA,2,NA,NA,NA,NA,NA,NA,NA,NA,NA,NA,NA
MINK1,17,4789254,4789255,INS,Frame_Shift_Ins,-,-,C,10,,NA,NA,NA,NA,NA,NA,NA,9,NA,NA,NA,NA,NA,NA,NA,NA,NA,NA,NA,NA,NA,NA,NA,NA,NA,NA,1,NA,NA
MST1R,3,49933455,49933456,INS,Frame_Shift_Ins,-,-,C,10,,NA,NA,NA,NA,NA,NA,NA,10,NA,NA,NA,NA,NA,NA,NA,NA,NA,NA,NA,NA,NA,NA,NA,NA,NA,NA,NA,NA,NA
MYLK,3,123386002,123386003,INS,Frame_Shift_Ins,-,-,G,10,,NA,NA,NA,NA,NA,NA,NA,10,NA,NA,NA,NA,NA,NA,NA,NA,NA,NA,NA,NA,NA,NA,NA,NA,NA,NA,NA,NA,NA
MYLK,3,123419020,123419020,SNP,Missense_Mutation,C,C,T,10,,NA,1,NA,NA,2,NA,NA,1,NA,NA,NA,NA,1,NA,NA,NA,NA,NA,NA,NA,NA,NA,NA,NA,NA,NA,5,NA,NA
NIM1,5,43246106,43246106,SNP,Nonsense_Mutation,C,C,T,10,,1,NA,NA,NA,2,NA,NA,NA,NA,NA,NA,NA,NA,NA,NA,NA,NA,NA,NA,NA,1,NA,NA,NA,NA,NA,6,NA,NA
NLK,17,26449740,26449740,DEL,Frame_Shift_Del,T,T,-,10,,NA,NA,NA,NA,3,NA,NA,NA,NA,NA,2,NA,NA,NA,NA,NA,NA,NA,NA,NA,NA,NA,NA,NA,NA,NA,5,NA,NA
NPR2,9,35799641,35799642,INS,Frame_Shift_Ins,-,-,C,10,,NA,NA,NA,NA,NA,NA,NA,10,NA,NA,NA,NA,NA,NA,NA,NA,NA,NA,NA,NA,NA,NA,NA,NA,NA,NA,NA,NA,NA
PDK1,2,173435500,173435501,INS,Frame_Shift_Ins,-,-,C,10,,NA,3,NA,NA,NA,NA,NA,6,NA,NA,NA,NA,NA,NA,NA,NA,NA,NA,NA,NA,NA,NA,NA,NA,NA,NA,1,NA,NA
PEAK1,15,77407145,77407146,INS,Frame_Shift_Ins,-,-,C,10,,NA,NA,NA,NA,NA,NA,NA,10,NA,NA,NA,NA,NA,NA,NA,NA,NA,NA,NA,NA,NA,NA,NA,NA,NA,NA,NA,NA,NA
PIK3CA,3,178936082,178936082,SNP,Missense_Mutation,G,A,A,10,,NA,1,7,NA,NA,NA,NA,NA,1,NA,NA,NA,NA,NA,1,NA,NA,NA,NA,NA,NA,NA,NA,NA,NA,NA,NA,NA,NA
PIK3CA,3,178936091,178936091,SNP,Missense_Mutation,G,G,C,10,,4,NA,2,NA,1,NA,NA,NA,NA,NA,NA,NA,NA,NA,NA,2,NA,NA,NA,NA,NA,NA,NA,NA,NA,NA,1,NA,NA
PIK3CA,3,178952074,178952074,SNP,Missense_Mutation,G,G,A,10,,NA,2,NA,NA,2,NA,1,NA,NA,NA,NA,NA,NA,NA,NA,NA,NA,NA,NA,NA,NA,NA,NA,NA,NA,NA,5,NA,NA
PRKD1,14,30396622,30396623,INS,In_Frame_Ins,-,-,CCCGGA,10,,NA,NA,NA,NA,1,NA,NA,1,2,NA,NA,NA,NA,1,2,NA,NA,1,NA,NA,NA,2,NA,NA,NA,NA,NA,NA,NA
RAF1,3,12645699,12645699,SNP,Missense_Mutation,G,G,A,10,,NA,NA,NA,NA,6,NA,NA,NA,NA,NA,NA,NA,NA,NA,1,NA,NA,NA,NA,NA,NA,NA,3,NA,NA,NA,NA,NA,NA
ROR2,9,94519744,94519745,INS,Frame_Shift_Ins,-,-,G,10,,NA,NA,NA,NA,NA,NA,NA,7,NA,NA,1,NA,1,NA,NA,1,NA,NA,NA,NA,NA,NA,NA,NA,NA,NA,NA,NA,NA
SRPK2,7,104844170,104844172,DEL,In_Frame_Del,GGT,GGT,-,10,,NA,2,NA,NA,2,NA,NA,NA,NA,NA,3,NA,NA,NA,NA,NA,NA,3,NA,NA,NA,NA,NA,NA,NA,NA,NA,NA,NA
TBK1,12,64875700,64875701,INS,Frame_Shift_Ins,-,-,T,10,,NA,NA,NA,NA,NA,NA,NA,10,NA,NA,NA,NA,NA,NA,NA,NA,NA,NA,NA,NA,NA,NA,NA,NA,NA,NA,NA,NA,NA
TNIK,3,170828506,170828506,SNP,Nonsense_Mutation,G,G,A,10,,NA,1,NA,NA,1,NA,NA,1,NA,NA,NA,NA,NA,NA,NA,NA,NA,NA,NA,NA,1,NA,1,NA,NA,NA,5,NA,NA
TRRAP,7,98509802,98509802,SNP,Missense_Mutation,C,C,T,10,,NA,NA,NA,NA,NA,NA,NA,NA,NA,NA,NA,NA,NA,NA,NA,NA,NA,NA,NA,NA,NA,NA,8,NA,NA,NA,2,NA,NA
TSSK1B,5,112769461,112769462,INS,Frame_Shift_Ins,-,-,G,10,,NA,2,NA,NA,NA,NA,NA,7,NA,NA,NA,NA,NA,NA,1,NA,NA,NA,NA,NA,NA,NA,NA,NA,NA,NA,NA,NA,NA
TTN,2,179535859,179535860,INS,Frame_Shift_Ins,-,-,T,10,,NA,2,NA,NA,NA,NA,NA,6,NA,NA,NA,NA,NA,NA,NA,NA,NA,NA,NA,NA,NA,NA,NA,NA,NA,NA,2,NA,NA
TTN,2,179610611,179610612,INS,Frame_Shift_Ins,-,-,A,10,,NA,NA,NA,NA,NA,NA,NA,8,NA,NA,NA,NA,NA,NA,1,NA,NA,NA,NA,NA,NA,NA,NA,NA,NA,NA,1,NA,NA